NO,CATEGORY - ENGLISH,CATEGORY - ARABIC,PRODUCT NAME - ENGLISH,PRODUCT NAME - ARABIC,DESCRIPTION - ENGLISH,DESCRIPTION - ARABIC,PRICE,PREPARATION TIME,ADD-ONS ENGLISH,ADD-ONS ARABIC
,الفئة - اللغة الإنجليزية,الفئة - اللغة العربية,اسم المنتج - اللغة الإنجليزية,اسم المنتج - اللغة العربية,الوصف - اللغة الإنجليزية,الوصف - اللغة العربية,السعر,وقت التحضير,إضافات - اللغة الإنجليزية,إضافات اللغة العربية
1,Flower Bouquet,باقة زهور,bouquet with tulip white small,باقة توليب أبيض صغيرة,A delicate small bouquet of white tulips.,باقة صغيرة ورقيقة من التوليب الأبيض.,130,60,Greeting Card,بطاقة تهنئة
2,Flower Bouquet,باقة زهور,bouquet pink lilly with beige wrapp-04,باقة زنابق وردية مع تغليف بيج-04,Pink lilies elegantly wrapped in beige paper.,زنابق وردية مغلفة بأناقة في ورق بيج.,180,60,Greeting Card,بطاقة تهنئة
3,Flower Bouquet,باقة زهور,bouquet pink lilly-01,باقة زنابق وردية-01,A classic bouquet of pink lilies.,باقة كلاسيكية من الزنابق الوردية.,170,60,Greeting Card,بطاقة تهنئة
4,Flower Bouquet,باقة زهور,bouquet purple tulip -02,باقة توليب بنفسجي-02,A vibrant bouquet of purple tulips.,باقة زاهية من التوليب البنفسجي.,160,60,Greeting Card,بطاقة تهنئة
5,Flower Bouquet,باقة زهور,bouquet red rose double wrapp-03,باقة ورد أحمر تغليف مزدوج-03,Red roses with premium double wrapping.,ورود حمراء مع تغليف مزدوج فاخر.,120,60,Greeting Card,بطاقة تهنئة
6,Flower Bouquet,باقة زهور,bouquet white lilly -04,باقة زنابق بيضاء-04,A pure white lily bouquet.,باقة زنابق بيضاء نقية.,200,60,Greeting Card,بطاقة تهنئة
7,Flower Bouquet,باقة زهور,bouquet white tulip with traditinal wrapp-05,باقة توليب أبيض تغليف تقليدي-05,White tulips with classic traditional wrapping.,توليب أبيض مع تغليف تقليدي كلاسيكي.,250,60,Greeting Card,بطاقة تهنئة
8,Flower Bouquet,باقة زهور,bouquet white tulip-05,باقة توليب أبيض-05,A fresh bouquet of white tulips.,باقة طازجة من التوليب الأبيض.,160,60,Greeting Card,بطاقة تهنئة
9,Flower Bouquet,باقة زهور,Bouquet with all tulip mix-30,باقة توليب مشكلة-30,A vibrant mix of all tulip colors.,مزيج زاهٍ من جميع ألوان التوليب.,370,60,Greeting Card,بطاقة تهنئة
10,Flower Bouquet,باقة زهور,Bouquet with cute lilly-11,باقة زنابق جميلة-11,A cute bouquet featuring lilies.,باقة جميلة تضم زنابق.,100,60,Greeting Card,بطاقة تهنئة
11,Flower Bouquet,باقة زهور,Bouquet with cute mix flowers,باقة زهور مشكلة جميلة,A lovely mix of assorted flowers.,مزيج رائع من زهور متنوعة.,280,60,Greeting Card,بطاقة تهنئة
12,Flower Bouquet,باقة زهور,Bouquet with cye tulip -24,باقة توليب-24,A stylish bouquet of tulips.,باقة أنيقة من التوليب.,130,60,Greeting Card,بطاقة تهنئة
13,Flower Bouquet,باقة زهور,bouquet with heart pink-14,باقة قلب وردي-14,A heart-shaped pink floral bouquet.,باقة زهور وردية على شكل قلب.,300,60,Greeting Card,بطاقة تهنئة
14,Flower Bouquet,باقة زهور,Bouquet with lilly green and mix-39,باقة زنابق خضراء ومشكلة-39,Lilies mixed with greenery and other flowers.,زنابق ممزوجة بالخضرة وزهور أخرى.,160,60,Greeting Card,بطاقة تهنئة
15,Flower Bouquet,باقة زهور,Bouquet with lilly grey wrapp-35,باقة زنابق تغليف رمادي-35,Lilies wrapped in elegant grey paper.,زنابق مغلفة بورق رمادي أنيق.,200,60,Greeting Card,بطاقة تهنئة
16,Flower Bouquet,باقة زهور,bouquet with lilly mix arrangment-16,باقة زنابق مشكلة-16,A mixed arrangement featuring lilies.,تنسيق مشكل يضم زنابق.,270,60,Greeting Card,بطاقة تهنئة
17,Flower Bouquet,باقة زهور,Bouquet with long lilly -35,باقة زنابق طويلة-35,A bouquet with long-stemmed lilies.,باقة تضم زنابق ذات سيقان طويلة.,230,60,Greeting Card,بطاقة تهنئة
18,Flower Bouquet,باقة زهور,bouquet with mix color,باقة ألوان مشكلة,A bouquet with a vibrant mix of colors.,باقة تضم مزيجاً زاهياً من الألوان.,320,60,Greeting Card,بطاقة تهنئة
19,Flower Bouquet,باقة زهور,Bouquet with mix flower-10,باقة زهور مشكلة-10,A vibrant collection of assorted seasonal blooms for a striking display.,تشكيلة حيوية من الزهور الموسمية المتنوعة لعرض لافت.,970,60,Greeting Card,بطاقة تهنئة
20,Flower Bouquet,باقة زهور,Bouquet with mix joy flower-8,باقة زهور البهجة-8,A cheerful blend of colorful flowers designed to bring joy and happiness.,مزيج مبهج من الزهور الملونة المصممة لجلب الفرح والسعادة.,340,60,Greeting Card,بطاقة تهنئة
21,Flower Bouquet,باقة زهور,Bouquet with pink all lilly-32,باقة زنبق وردي كامل-32,An elegant arrangement featuring only premium pink lilies.,تنسيق أنيق يضم زنبقاً وردياً فاخراً فقط.,250,60,Greeting Card,بطاقة تهنئة
22,Flower Bouquet,باقة زهور,Bouquet with pink and pink baby rose-37,باقة ورد وردي وبيبي روز-37,Soft pink roses combined with delicate baby roses for a romantic touch.,ورد وردي ناعم ممزوج مع بيبي روز رقيق لمسة رومانسية.,220,60,Greeting Card,بطاقة تهنئة
23,Flower Bouquet,باقة زهور,Bouquet with pink and purple tulip mix-19,باقة توليب وردي وبنفسجي-19,A sophisticated mix of pink and purple tulips in a stylish wrap.,مزيج راقٍ من التوليب الوردي والبنفسجي في تغليف أنيق.,820,60,Greeting Card,بطاقة تهنئة
24,Flower Bouquet,باقة زهور,Bouquet with pink lilly mix-15,باقة زنبق وردي مشكل-15,Pink lilies complemented by subtle seasonal greenery and fillers.,زنبق وردي مكمل بلمسات خضراء موسمية رقيقة.,270,60,Greeting Card,بطاقة تهنئة
25,Flower Bouquet,باقة زهور,Bouquet with pink rose-13,باقة ورد وردي-13,"Classic pink roses arranged with grace, perfect for expressions of love.",ورد وردي كلاسيكي منسق بأناقة، مثالي للتعبير عن الحب.,180,60,Greeting Card,بطاقة تهنئة
26,Flower Bouquet,باقة زهور,Bouquet with premium arrangment-17,باقة تنسيق فاخر-17,"A high-end, artistic arrangement curated for special, luxurious occasions.",تنسيق فني رفيع المستوى مخصص للمناسبات الفاخرة.,370,60,Greeting Card,بطاقة تهنئة
27,Flower Bouquet,باقة زهور,Bouquet with purple mix-18,باقة مزيج بنفسجي-18,A beautiful arrangement featuring varying shades of purple blossoms.,تنسيق جميل يضم درجات متنوعة من الزهور البنفسجية.,340,60,Greeting Card,بطاقة تهنئة
28,Flower Bouquet,باقة زهور,Bouquet with purple tulip and rose mix-07,باقة توليب بنفسجي وورد-07,A creative combination of purple tulips and roses for a unique aesthetic.,مزيج إبداعي من التوليب البنفسجي والورد لإطلالة فريدة.,320,60,Greeting Card,بطاقة تهنئة
29,Flower Bouquet,باقة زهور,Bouquet with red rose mix-9,باقة ورد أحمر مشكل-9,"A passionate arrangement of rich red roses, styled for elegance.",تنسيق عاطفي من الورد الأحمر الغني، منسق بكل أناقة.,680,60,Greeting Card,بطاقة تهنئة
30,Flower Bouquet,باقة زهور,Bouquet with soft flower-12,باقة زهور ناعمة-12,"Gentle, pastel-toned flowers crafted into a soft, dreamlike bouquet.",زهور بألوان هادئة منسقة في باقة ناعمة كالخيال.,560,60,Greeting Card,بطاقة تهنئة
31,Flower Bouquet,باقة زهور,Bouquet with soft lilly nice-15,باقة زنبق ناعم-15,"Beautiful, soft-petaled lilies arranged for a serene and calm look.",زنبق ببتلات ناعمة وجميلة منسق لإطلالة هادئة ومريحة.,250,60,Greeting Card,بطاقة تهنئة
32,Flower Bouquet,باقة زهور,Bouquet with special flower arrangment-16,باقة تنسيق زهور خاص-16,"A custom, specialized arrangement designed for maximum visual impact.",تنسيق خاص ومميز مصمم ليخطف الأنظار.,370,60,Greeting Card,بطاقة تهنئة
33,Flower Bouquet,باقة زهور,Bouquet with tulip-27,باقة توليب-27,"Fresh, premium tulips presented in a clean and modern style.",توليب طازج وفاخر مقدم بأسلوب عصري ونظيف.,140,60,Greeting Card,بطاقة تهنئة
34,Flower Bouquet,باقة زهور,Bouquet with tulip and gypso mix-35,باقة توليب وجيبسوفيلا-35,Delicate tulips accented with cloud-like white gypso for a light look.,توليب رقيق بلمسات من الجيبسوفيلا البيضاء لإطلالة خفيفة.,160,60,Greeting Card,بطاقة تهنئة
35,Flower Bouquet,باقة زهور,Bouquet with white mix lilly-06,باقة زنبق أبيض مشكل-06,"A crisp, all-white arrangement of lilies and seasonal fillers.",تنسيق نقي باللون الأبيض يجمع بين الزنبق وزهور موسمية.,250,60,Greeting Card,بطاقة تهنئة
36,Flower Bouquet,باقة زهور,Bouquet with white shine -31,باقة بريق أبيض-31,A radiant white bouquet designed to shine and brighten any room.,باقة بيضاء متألقة مصممة لتشرق وتضيء أي مكان.,270,60,Greeting Card,بطاقة تهنئة
37,Flower Bouquet,باقة زهور,Bouquet with all color flowers-64,باقة زهور متعددة الألوان-64,A vibrant explosion of assorted flowers in various bright colors.,انفجار حيوي من الزهور المتنوعة بألوان زاهية ومختلفة.,380,60,Greeting Card,بطاقة تهنئة
38,Flower Bouquet,باقة زهور,Bouquet with all flower mix-96,باقة مزيج زهور شامل-96,A comprehensive mix of fresh seasonal flowers arranged harmoniously.,مزيج متكامل من الزهور الموسمية الطازجة منسقة بتناغم.,210,60,Greeting Card,بطاقة تهنئة
39,Flower Bouquet,باقة زهور,Bouquet with baby rose mix-83,باقة بيبي روز مشكل-83,Charming baby roses combined with delicate greenery for a sweet look.,بيبي روز ساحر ممزوج مع لمسات خضراء رقيقة لإطلالة لطيفة.,199,60,Greeting Card,بطاقة تهنئة
40,Flower Bouquet,باقة زهور,Bouquet with fusia-42,باقة فوشيا-42,Bold fuchsia flowers arranged to make a striking and confident statement.,زهور فوشيا جريئة منسقة لتكون ذات طابع لافت ومميز.,140,60,Greeting Card,بطاقة تهنئة
41,Flower Bouquet,باقة زهور,Bouquet with lilly mix-71,باقة زنبق مشكل-71,An elegant arrangement featuring a variety of lilies in a beautiful mix.,تنسيق أنيق يضم تشكيلة متنوعة من الزنبق في مزيج جميل.,240,60,Greeting Card,بطاقة تهنئة
42,Flower Bouquet,باقة زهور,Bouquet with lilly mix-83,باقة زنبق مشكل-83,A classic lily arrangement designed for sophistication and grace.,تنسيق كلاسيكي من الزنبق مصمم للرقي والأناقة.,220,60,Greeting Card,بطاقة تهنئة
43,Flower Bouquet,باقة زهور,Bouquet with lilly pink rose mix-61,باقة زنبق وورد وردي مشكل-61,A romantic combination of pink lilies and soft pink roses.,مزيج رومانسي يجمع بين الزنبق الوردي والورد الوردي الناعم.,190,60,Greeting Card,بطاقة تهنئة
44,Flower Bouquet,باقة زهور,Bouquet with lilly rose-72,باقة زنبق وورد-72,"A timeless duo of fresh lilies and roses, perfect for any occasion.",ثنائي كلاسيكي من الزنبق والورد الطازج، مثالي لكل المناسبات.,370,60,Greeting Card,بطاقة تهنئة
45,Flower Bouquet,باقة زهور,Bouquet with lilly rose mix-48,باقة زنبق وورد مشكل-48,An artistic blend of lilies and roses tailored for a modern aesthetic.,مزيج فني من الزنبق والورد مصمم لإطلالة عصرية.,260,60,Greeting Card,بطاقة تهنئة
46,Flower Bouquet,باقة زهور,Bouquet with lilly small-56,باقة زنبق صغير-56,Delicate small lilies arranged in a minimalist and clean presentation.,زنبق صغير ورقيق منسق في عرض بسيط ونظيف.,190,60,Greeting Card,بطاقة تهنئة
47,Flower Bouquet,باقة زهور,Bouquet with lilly star-65,باقة زنبق ستار-65,A stunning arrangement where the lily is the star of the show.,تنسيق مذهل حيث يكون الزنبق هو بطل العرض.,340,60,Greeting Card,بطاقة تهنئة
48,Flower Bouquet,باقة زهور,Bouquet with long lilly mix-44,باقة زنبق طويل مشكل-44,Graceful long-stemmed lilies mixed with complementary blossoms.,زنبق طويل وأنيق ممزوج مع زهور مكملة له.,240,60,Greeting Card,بطاقة تهنئة
49,Flower Bouquet,باقة زهور,Bouquet with mix flower-80,باقة زهور مشكلة-80,"A rich mix of seasonal flowers, perfect for gifting.",مزيج غني من الزهور الموسمية، مثالي للإهداء.,320,60,Greeting Card,بطاقة تهنئة
50,Flower Bouquet,باقة زهور,Bouquet with mix pink flowers-59,باقة زهور وردية مشكلة-59,A soft and lovely collection of various pink-toned flowers.,تشكيلة ناعمة وجميلة من زهور مختلفة بدرجات اللون الوردي.,450,60,Greeting Card,بطاقة تهنئة
51,Flower Bouquet,باقة زهور,Bouquet with pink lilly-93,باقة زنبق وردي-93,A beautiful bouquet showcasing the vibrant beauty of pink lilies.,باقة جميلة تبرز الجمال الحيوي للزنبق الوردي.,180,60,Greeting Card,بطاقة تهنئة
52,Flower Bouquet,باقة زهور,Bouquet with pink lilly with nice wrapp-45,باقة زنبق وردي بتغليف مميز-45,Pink lilies enhanced by elegant and high-quality wrapping.,زنبق وردي معزز بتغليف أنيق وعالي الجودة.,320,60,Greeting Card,بطاقة تهنئة
53,Flower Bouquet,باقة زهور,Bouquet with pink rose-44,باقة ورد وردي-44,A simple and elegant bunch of fresh pink roses.,باقة بسيطة وأنيقة من الورد الوردي الطازج.,380,60,Greeting Card,بطاقة تهنئة
54,Flower Bouquet,باقة زهور,Bouquet with pink rose-91,باقة ورد وردي-91,A lush arrangement of premium pink roses for a romantic gesture.,تنسيق غني من الورد الوردي الفاخر لفتة رومانسية.,240,60,Greeting Card,بطاقة تهنئة
55,Flower Bouquet,باقة زهور,Bouqut with tulip white mix-68,باقة توليب أبيض مشكل-68,Fresh white tulips mixed with delicate seasonal greenery.,توليب أبيض طازج ممزوج بلمسات خضراء موسمية رقيقة.,280,60,Greeting Card,بطاقة تهنئة
56,Flower Bouquet,باقة زهور,Bouqut with tulu mix-82,باقة توليب مشكل-82,A vibrant collection of multi-colored tulips for a cheerful look.,تشكيلة حيوية من التوليب متعدد الألوان لإطلالة مبهجة.,270,60,Greeting Card,بطاقة تهنئة
57,Flower Bouquet,باقة زهور,Bouqut with white and fusie rose -43,باقة ورد أبيض وفوشيا-43,A sophisticated contrast of white and deep fuchsia roses.,تباين راقٍ بين الورد الأبيض وورد الفوشيا الغامق.,280,60,Greeting Card,بطاقة تهنئة
58,Flower Bouquet,باقة زهور,Bouqut with white lilly-90,باقة زنبق أبيض-90,Elegant and pristine white lilies arranged for a classic aesthetic.,زنبق أبيض أنيق ونقي منسق بأسلوب كلاسيكي.,250,60,Greeting Card,بطاقة تهنئة
59,Flower Bouquet,باقة زهور,Flower bouquet anthurium and pinkish bouquet,باقة زهور أنثوريوم ووردي,Exotic anthuriums paired with soft pink flowers for a unique style.,زهور الأنثوريوم الغريبة ممزوجة بزهور وردية ناعمة.,390,60,Greeting Card,بطاقة تهنئة
60,Flower Bouquet,باقة زهور,Flower bouquet fuchia themed -41,باقة زهور بطابع الفوشيا-41,A stunning arrangement centered around bold fuchsia-toned flowers.,تنسيق مذهل يتركز حول زهور بدرجات الفوشيا الجريئة.,190,60,Greeting Card,بطاقة تهنئة
61,Flower Bouquet,باقة زهور,Flower bouquet mixed pinkish premium bouquet,باقة زهور وردية فاخرة,A premium blend of various pink blossoms for a romantic appeal.,مزيج فاخر من زهور وردية متنوعة لطابع رومانسي.,680,60,Greeting Card,بطاقة تهنئة
62,Flower Bouquet,باقة زهور,Flower bouquet white color anthurium bouquet,باقة زهور أنثوريوم أبيض,"Clean, white anthurium flowers arranged in a modern, artistic way.",زهور أنثوريوم بيضاء نقية منسقة بأسلوب فني عصري.,370,60,Greeting Card,بطاقة تهنئة
63,Flower Bouquet,باقة زهور,Fuchia rose special hand bouquet,باقة ورد فوشيا مميزة,"A special selection of vibrant fuchsia roses, hand-tied with care.",تشكيلة خاصة من ورد الفوشيا الزاهي، منسقة يدوياً بعناية.,230,60,Greeting Card,بطاقة تهنئة
64,Flower Bouquet,باقة زهور,Gerbera and anthurium mixed flower bouquet,باقة جربيرا وأنثوريوم مشكلة,A creative mix of bright gerberas and exotic anthurium blooms.,مزيج إبداعي من زهور الجربيرا الزاهية وأنثوريوم الغريبة.,470,60,Greeting Card,بطاقة تهنئة
65,Flower Bouquet,باقة زهور,Hand bouquet stylish only whitish bouquet,باقة يد بيضاء أنيقة,"A chic, all-white arrangement that exudes style and simplicity.",تنسيق أنيق باللون الأبيض بالكامل يفيض بالبساطة.,370,60,Greeting Card,بطاقة تهنئة
66,Flower Bouquet,باقة زهور,Hand bouquet 3 lilly white bouquet,باقة يد 3 زنبق أبيض,A minimalist arrangement featuring three graceful white lilies.,تنسيق بسيط يضم ثلاث زهرات زنبق أبيض أنيقة.,70,60,Greeting Card,بطاقة تهنئة
67,Flower Bouquet,باقة زهور,Hand bouquet colorful wow flowers -33,باقة يد زهور ملونة مذهلة-33,An explosion of colorful seasonal flowers designed to impress.,انفجار من الزهور الموسمية الملونة المصممة للإبهار.,290,60,Greeting Card,بطاقة تهنئة
68,Flower Bouquet,باقة زهور,Hand bouquet fuvhia 10 roses bouquet,باقة يد 10 وردات فوشيا,"A perfectly sized bouquet of ten rich, fuchsia-colored roses.",باقة بحجم مثالي تضم عشر وردات غنية بلون الفوشيا.,140,60,Greeting Card,بطاقة تهنئة
69,Flower Bouquet,باقة زهور,Hand bouquet gerbera and mix flower bouquet,باقة يد جربيرا وزهور مشكلة,A charming mix featuring cheerful gerberas and filler flowers.,مزيج ساحر يضم زهور الجربيرا المبهجة مع زهور مكملة.,140,60,Greeting Card,بطاقة تهنئة
70,Flower Bouquet,باقة زهور,Hand bouquet heavy party premium mixed bouquet,باقة يد فاخرة للمناسبات,"A grand, premium arrangement perfect for celebrations and parties.",تنسيق فاخر وضخم مثالي للاحتفالات والمناسبات.,1800,60,Greeting Card,بطاقة تهنئة
71,Flower Bouquet,باقة زهور,Hand bouquet luxury feeling fresh mix flowers bouquet,باقة يد فاخرة زهور مشكلة,A luxurious mix of fresh flowers with a high-end presentation.,مزيج فاخر من الزهور الطازجة مع عرض رفيع المستوى.,1600,60,Greeting Card,بطاقة تهنئة
72,Flower Bouquet,باقة زهور,Hand bouquet orange rose 10 pices,باقة يد 10 وردات برتقالية,"Ten vibrant orange roses, symbolizing energy and enthusiasm.",عشر وردات برتقالية زاهية، ترمز للطاقة والحماس.,140,60,Greeting Card,بطاقة تهنئة
73,Flower Bouquet,باقة زهور,Hand bouquet orange special flowers standing bouquet,باقة يد زهور برتقالية خاصة,A vibrant standing bouquet featuring unique orange flowers.,باقة قائمة مفعمة بالحيوية تضم زهوراً برتقالية فريدة.,220,60,Greeting Card,بطاقة تهنئة
74,Flower Bouquet,باقة زهور,Hand bouquet peach and white stunning,باقة يد خوخي وأبيض مذهلة,A stunning combination of soft peach and white blooms.,مزيج مذهل من الزهور ذات اللون الخوخي الناعم والأبيض.,220,60,Greeting Card,بطاقة تهنئة
75,Flower Bouquet,باقة زهور,Hand bouquet peach themed -36,باقة يد بطابع خوخي-36,A beautifully curated arrangement with a warm peach theme.,تنسيق منسق بجمال مع طابع باللون الخوخي الدافئ.,170,60,Greeting Card,بطاقة تهنئة
76,Flower Bouquet,باقة زهور,Hand bouquet pink gerbera bouquet,باقة يد جربيرا وردية,A cheerful bouquet of pink gerberas for a bright display.,باقة مبهجة من زهور الجربيرا الوردية لعرض مشرق.,140,60,Greeting Card,بطاقة تهنئة
77,Flower Bouquet,باقة زهور,Hand bouquet rose and mixed flower standing bouquet,باقة يد ورد وزهور مشكلة,A classic stand-up bouquet of roses and assorted blooms.,باقة قائمة كلاسيكية من الورد والزهور المتنوعة.,370,60,Greeting Card,بطاقة تهنئة
78,Flower Bouquet,باقة زهور,Hand bouquet special green and white mix special flower standing bouquet,باقة يد زهور بيضاء وخضراء خاصة,A unique mix of white and green flowers in a standing style.,مزيج فريد من الزهور البيضاء والخضراء بتصميم قائم.,390,60,Greeting Card,بطاقة تهنئة
79,Flower Bouquet,باقة زهور,Hand bouquet special tulip and hydrangea flowers,باقة يد توليب وهيدرانجيا خاصة,A premium mix of delicate tulips and lush hydrangeas.,مزيج فاخر من التوليب الرقيق وزهور الهيدرانجيا الغنية.,420,60,Greeting Card,بطاقة تهنئة
80,Flower Bouquet,باقة زهور,Hand bouquet special wow flowers standing bouquet,باقة يد زهور مبهرة خاصة,A standout arrangement designed to impress with its beauty.,تنسيق استثنائي مصمم ليبهج بجماله.,590,60,Greeting Card,بطاقة تهنئة
81,Flower Bouquet,باقة زهور,Hand bouquet tulip 30pieces,باقة يد 30 وردة توليب,"A grand bouquet featuring thirty fresh, high-quality tulips.",باقة ضخمة تضم ثلاثين وردة توليب طازجة وعالية الجودة.,340,60,Greeting Card,بطاقة تهنئة
82,Flower Bouquet,باقة زهور,Hand bouquet very special multi fresh flowers,باقة يد زهور طازجة مميزة جداً,"An exceptional, multi-floral arrangement of fresh, colorful blooms.",تنسيق استثنائي متعدد الزهور من زهور طازجة وملونة.,850,60,Greeting Card,بطاقة تهنئة
83,Flower Bouquet,باقة زهور,Hand bouquet white gerbera and mixed flowers stylish bouquet,باقة يد جربيرا بيضاء وزهور مشكلة,A stylish mix of white gerberas and complementary seasonal flowers.,مزيج أنيق من الجربيرا البيضاء وزهور موسمية مكملة.,370,60,Greeting Card,بطاقة تهنئة
84,Flower Bouquet,باقة زهور,Hand bouquet white hydrangea premium standing bouquet,باقة يد هيدرانجيا بيضاء فاخرة,"A premium, elegant standing bouquet featuring white hydrangeas.",باقة قائمة أنيقة وفاخرة تتميز بزهور الهيدرانجيا البيضاء.,800,60,Greeting Card,بطاقة تهنئة
85,Flower Bouquet,باقة زهور,Hand bouquet white lilly bouquet,باقة يد زنبق أبيض,A clean and graceful bouquet of fresh white lilies.,باقة نقية وأنيقة من زهور الزنبق الأبيض الطازجة.,290,60,Greeting Card,بطاقة تهنئة
86,Flower Bouquet,باقة زهور,Hand bouquet white roses 10 pices with black,باقة يد 10 وردات بيضاء بتغليف أسود,Contrast of ten white roses wrapped in sleek black paper.,تباين رائع لعشر وردات بيضاء مغلفة بورق أسود أنيق.,140,60,Greeting Card,بطاقة تهنئة
87,Flower Bouquet,باقة زهور,Hand bouquet with mix tulip-23,باقة يد توليب مشكل-23,"A vibrant, multi-colored mix of premium tulip stems.",مزيج حيوي ومتعدد الألوان من سيقان التوليب الفاخرة.,520,60,Greeting Card,بطاقة تهنئة
88,Flower Bouquet,باقة زهور,Hand bouquet with multi premium flowers -31,باقة يد زهور فاخرة متعددة-31,"A lush, premium collection of diverse, high-quality fresh flowers.",تشكيلة فاخرة وغنية من زهور طازجة متنوعة وعالية الجودة.,290,60,Greeting Card,بطاقة تهنئة
89,Flower Bouquet,باقة زهور,Hand bouquet with purple and pinkish,باقة يد بنفسجي ووردي,"A romantic, elegant mix of purple and pink-toned blossoms.",مزيج رومانسي وأنيق من الزهور بدرجات البنفسجي والوردي.,360,60,Greeting Card,بطاقة تهنئة
90,Flower Bouquet,باقة زهور,Hand bouquet with special lilly-21,باقة يد زنبق خاص-21,A uniquely styled bouquet featuring premium special lilies.,باقة بتصميم فريد يضم زهور زنبق خاصة وفاخرة.,200,60,Greeting Card,بطاقة تهنئة
91,Flower Bouquet,باقة زهور,Hand bouquet with stable flowers-21,باقة يد زهور ثابتة-21,A balanced and elegant arrangement designed for lasting beauty.,تنسيق متوازن وأنيق مصمم لجمال يدوم طويلاً.,330,60,Greeting Card,بطاقة تهنئة
92,Flower Bouquet,باقة زهور,Hand bouquet wow mixed flowers-33,باقة يد زهور مشكلة مبهرة-33,"A stunning collection of mixed flowers that create a ""wow"" effect.",تشكيلة مذهلة من الزهور المشكلة التي تخلق تأثيراً رائعاً.,260,60,Greeting Card,بطاقة تهنئة
93,Flower Bouquet,باقة زهور,Hand bouquet yellow themed flowers-35,باقة يد بطابع أصفر-35,A bright and cheerful arrangement featuring yellow-themed blooms.,تنسيق مشرق ومبهج يضم زهوراً بطابع اللون الأصفر.,250,60,Greeting Card,بطاقة تهنئة
94,Flower Bouquet,باقة زهور,Hand bouquet yellow wow bouquet,باقة يد صفراء مبهرة,A vibrant yellow bouquet that brings warmth and happiness.,باقة صفراء حيوية تجلب الدفء والسعادة.,370,60,Greeting Card,بطاقة تهنئة
95,Flower Bouquet,باقة زهور,Hand flower bouquet lilly premium bouquet,باقة زهور زنبق فاخرة,Premium quality white lilies presented in a sophisticated wrap.,زنبق أبيض بجودة فاخرة مقدم في تغليف راقٍ.,200,60,Greeting Card,بطاقة تهنئة
96,Flower Bouquet,باقة زهور,Hand flower bouquet multi flowers-40,باقة زهور متعددة-40,A rich mix of multi-colored flowers for a vibrant display.,مزيج غني من الزهور متعددة الألوان لعرض حيوي.,270,60,Greeting Card,بطاقة تهنئة
97,Flower Bouquet,باقة زهور,Hand flower pink lilly 3 pic bouquet,باقة يد زنبق وردي 3 قطع,A delicate arrangement featuring three beautiful pink lilies.,تنسيق رقيق يضم ثلاث زهرات زنبق وردي جميلة.,70,60,Greeting Card,بطاقة تهنئة
98,Flower Bouquet,باقة زهور,Hand bouquet white stylish mixed flower bouquet,باقة يد زهور مشكلة بيضاء أنيقة,A stylish mix of white flowers perfect for elegant gifting.,مزيج أنيق من الزهور البيضاء مثالي للإهداء الراقي.,370,60,Greeting Card,بطاقة تهنئة
99,Flower Bouquet,باقة زهور,Lilly white bunch premium,باقة زنبق أبيض فاخرة,"A premium, minimalist bunch of pure white lilies.",باقة فاخرة وبسيطة من زهور الزنبق الأبيض النقي.,200,60,Greeting Card,بطاقة تهنئة
100,Flower Bouquet,باقة زهور,Mix flower nice bouquet,باقة زهور مشكلة جميلة,A lovely mix of fresh flowers curated for any occasion.,مزيج جميل من الزهور الطازجة المنسقة لكل المناسبات.,350,60,Greeting Card,بطاقة تهنئة
101,Flower Bouquet,باقة زهور,Mixed flower bouquet 032,باقة زهور مشكلة 032,A classic mixed bouquet offering a variety of fresh blossoms.,باقة مشكلة كلاسيكية تقدم مجموعة متنوعة من الزهور الطازجة.,330,60,Greeting Card,بطاقة تهنئة
102,Flower Bouquet,باقة زهور,Mixed flower bouquet very special hand bouquet,باقة يد زهور مشكلة مميزة جداً,"A very special, hand-crafted bouquet of premium mixed flowers.",باقة مميزة جداً ومصنوعة يدوياً من زهور مشكلة فاخرة.,480,60,Greeting Card,بطاقة تهنئة
103,Flower Bouquet,باقة زهور,Mixed hydrangeas and special flowers mixed heavy premium bouquet,باقة هيدرانجيا وزهور خاصة فاخرة,"A heavy, premium bouquet featuring lush hydrangeas and special blooms.",باقة فاخرة وغنية تضم زهور الهيدرانجيا الكثيفة وزهوراً خاصة.,1400,60,Greeting Card,بطاقة تهنئة
104,Flower Bouquet,باقة زهور,Mixed special flowers hand bouquet,باقة يد زهور خاصة مشكلة,An exquisite hand bouquet featuring a curated mix of special flowers.,باقة يد رائعة تضم مزيجاً منتقى من الزهور الخاصة.,990,60,Greeting Card,بطاقة تهنئة
105,Flower Bouquet,باقة زهور,Only pink nice standing bouquet,باقة قائمة وردية جميلة,"A beautiful, all-pink standing bouquet designed for elegance.",باقة قائمة جميلة باللون الوردي بالكامل مصممة للأناقة.,330,60,Greeting Card,بطاقة تهنئة
106,Flower Bouquet,باقة زهور,Premium luxury hand bouquet mixed fresh special flowers,باقة يد فاخرة زهور مشكلة خاصة,"A luxury, high-end bouquet with fresh, hand-picked special flowers.",باقة فاخرة عالية المستوى مع زهور خاصة طازجة ومنتقاة يدوياً.,1100,60,Greeting Card,بطاقة تهنئة
107,Flower Bouquet,باقة زهور,Red and white rose standing bouquet 091,باقة ورد أحمر وأبيض قائمة-091,A classic standing bouquet combining striking red and white roses.,باقة قائمة كلاسيكية تجمع بين الورد الأحمر والأبيض اللافت.,300,60,Greeting Card,بطاقة تهنئة
108,Flower Bouquet,باقة زهور,Rose premium heavy standing bouquet,باقة ورد فاخرة قائمة,"A heavy, premium standing bouquet overflowing with fresh roses.",باقة قائمة فاخرة وغنية تفيض بالورد الطازج.,1600,60,Greeting Card,بطاقة تهنئة
109,Flower Bouquet,باقة زهور,special hand bouquet orange and purple mixed,باقة يد خاصة مزيج برتقالي وبنفسجي,A vibrant mix of orange and purple flowers for a bold statement.,مزيج حيوي من الزهور البرتقالية والبنفسجية لإطلالة جريئة.,790,60,Greeting Card,بطاقة تهنئة
110,Flower Bouquet,باقة زهور,special hand bouquet pink anthurium multi flowers,باقة يد خاصة أنثوريوم وردي وزهور متعددة,Exotic pink anthuriums combined with a multi-floral arrangement.,زهور أنثوريوم وردية غريبة ممزوجة بتنسيق متعدد الزهور.,370,60,Greeting Card,بطاقة تهنئة
111,Flower Bouquet,باقة زهور,standing bouquet purple themed wow flowers -42,باقة قائمة بطابع بنفسجي مبهر-42,A stunning purple-themed arrangement designed to impress.,تنسيق مذهل بطابع بنفسجي مصمم للإبهار.,360,60,Greeting Card,بطاقة تهنئة
112,Flower Bouquet,باقة زهور,standing bouquet colourful beauty flowers-39,باقة قائمة زهور ملونة جميلة-39,"A beautiful, colorful bouquet that brings joy to any space.",باقة جميلة وملونة تجلب البهجة لأي مكان.,430,60,Greeting Card,بطاقة تهنئة
113,Flower Bouquet,باقة زهور,standing bouquet hydrangea modern hand bouquet,باقة قائمة هيدرانجيا عصرية,A modern standing bouquet featuring lush hydrangea flowers.,باقة قائمة عصرية تتميز بزهور الهيدرانجيا الغنية.,580,60,Greeting Card,بطاقة تهنئة
114,Flower Bouquet,باقة زهور,standing bouquet new stylish hydrangea hand bouquet,باقة قائمة هيدرانجيا جديدة وأنيقة,"A new, stylish take on the classic standing hydrangea bouquet.",لمسة جديدة وأنيقة على باقة الهيدرانجيا القائمة الكلاسيكية.,360,60,Greeting Card,بطاقة تهنئة
115,Flower Bouquet,باقة زهور,standing bouquet red and black themed bouquet,باقة قائمة بطابع أحمر وأسود,A dramatic and elegant bouquet with a red and black theme.,باقة درامية وأنيقة بطابع أحمر وأسود.,350,60,Greeting Card,بطاقة تهنئة
116,Flower Bouquet,باقة زهور,standing bouquet red rose with white wrapping special bouquet,باقة قائمة ورد أحمر بتغليف أبيض خاص,Classic red roses elegantly wrapped in crisp white paper.,ورد أحمر كلاسيكي مغلف بأناقة بورق أبيض نقي.,270,60,Greeting Card,بطاقة تهنئة
117,Flower Bouquet,باقة زهور,standing bouquet white and red flower bouquet,باقة قائمة زهور بيضاء وحمراء,A harmonious blend of white and red flowers in a standing design.,مزيج متناغم من الزهور البيضاء والحمراء بتصميم قائم.,330,60,Greeting Card,بطاقة تهنئة
118,Flower Bouquet,باقة زهور,standing bouquet with gerabera flowers -29,باقة قائمة زهور جربيرا-29,Cheerful gerbera flowers arranged in a lovely standing bouquet.,زهور جربيرا مبهجة منسقة في باقة قائمة جميلة.,180,60,Greeting Card,بطاقة تهنئة
119,Flower Bouquet,باقة زهور,standing bouquet with multicolors wow flowers -30,باقة قائمة زهور مبهرة متعددة الألوان-30,"A ""wow"" factor bouquet featuring a vibrant spectrum of colors.",باقة مبهرة تتميز بطيف حيوي من الألوان.,360,60,Greeting Card,بطاقة تهنئة
120,Flower Bouquet,باقة زهور,white open lilly bunch premium,باقة زنبق أبيض مفتوح فاخرة,"A premium, elegant bunch of fresh, open white lilies.",باقة فاخرة وأنيقة من زهور الزنبق الأبيض الطازج والمفتوح.,240,60,Greeting Card,بطاقة تهنئة
121,Anniversary Special,هدايا ذكرى سنوية,ANNIVERSARY SPECIAL 5 LILY WITH ROSE MIX +D123:D143NO-1036,ذكرى سنوية 5 زنبق مع مزيج ورد رقم 1036,A delicate blend of 5 fresh lilies and assorted roses.,مزيج رقيق من 5 زهور زنبق طازجة وورود متنوعة.,220,60,Greeting Card,بطاقة تهنئة
122,Anniversary Special,هدايا ذكرى سنوية,ANNIVERSARY SPECIAL 20 ROSES WITH GYPSO NO-1006,ذكرى سنوية 20 وردة مع جيبسوفيلا رقم 1006,Twenty elegant roses accented with delicate white gypso.,عشرون وردة أنيقة مزينة بالجيبسوفيلا البيضاء الرقيقة.,320,60,Greeting Card,بطاقة تهنئة
123,Anniversary Special,هدايا ذكرى سنوية,ANNIVERSARY SPECIAL arrangement red rose with black box premium love arrangement,ذكرى سنوية تنسيق ورد أحمر في صندوق أسود فاخر,"Premium red roses arranged in a sleek black box, perfect for love.",ورد أحمر فاخر منسق في صندوق أسود أنيق، مثالي للتعبير عن الحب.,1300,60,Greeting Card,بطاقة تهنئة
124,Anniversary Special,هدايا ذكرى سنوية,ANNIVERSARY SPECIAL BABY ROSE MIX-54,ذكرى سنوية بيبي روز مشكل-54,A charming arrangement featuring a variety of colorful baby roses.,تنسيق ساحر يضم مجموعة متنوعة من ورود البيبي روز الملونة.,260,60,Greeting Card,بطاقة تهنئة
125,Anniversary Special,هدايا ذكرى سنوية,ANNIVERSARY SPECIAL bouquet with lilly mix arrangment-16,ذكرى سنوية باقة زنبق مشكلة-16,A sophisticated arrangement featuring a mix of beautiful lilies.,تنسيق راقٍ يضم مزيجاً من زهور الزنبق الجميلة.,220,60,Greeting Card,بطاقة تهنئة
126,Anniversary Special,هدايا ذكرى سنوية,ANNIVERSARY SPECIAL bouquet with red rose mix-9,ذكرى سنوية باقة ورد أحمر مشكل-9,"A classic, passionate bouquet of rich red roses mixed with greens.",باقة كلاسيكية عاطفية من الورد الأحمر الغني مع لمسات خضراء.,1200,60,Greeting Card,بطاقة تهنئة
127,Anniversary Special,هدايا ذكرى سنوية,ANNIVERSARY SPECIAL bouquet with red and white rose-75,ذكرى سنوية باقة ورد أحمر وأبيض-75,A stunning contrast of fresh red and white roses.,تباين مذهل بين الورد الأحمر والأبيض الطازج.,360,60,Greeting Card,بطاقة تهنئة
128,Anniversary Special,هدايا ذكرى سنوية,ANNIVERSARY SPECIAL bouquet with red rose silver rose-86,ذكرى سنوية باقة ورد أحمر وفضي-86,Elegant red roses combined with unique silver-toned blooms.,ورد أحمر أنيق مدمج مع زهور فريدة بدرجات اللون الفضي.,140,60,Greeting Card,بطاقة تهنئة
129,Anniversary Special,هدايا ذكرى سنوية,ANNIVERSARY SPECIAL bouquet with rose black wrapp-73,ذكرى سنوية باقة ورد بتغليف أسود-73,"Vibrant roses presented in stylish, modern black wrapping.",ورود زاهية مقدمة في تغليف أسود أنيق وعصري.,250,60,Greeting Card,بطاقة تهنئة
130,Anniversary special,هدية ذكرى سنوية,Anniversary special cake with flower -01,كعكة ذكرى سنوية خاصة مع زهور -01,A delightful cake paired with a vibrant purple flower bouquet.,كعكة لذيذة مقترنة بباقة زهور بنفسجية زاهية.,270,60,Greeting Card,بطاقة تهنئة
131,Anniversary special,هدية ذكرى سنوية,Anniversary special cake with flower bouquet 22,كعكة ذكرى سنوية خاصة مع باقة زهور 22,A classic celebration cake accompanied by an elegant floral bouquet.,كعكة احتفالية كلاسيكية مصحوبة بباقة زهور أنيقة.,380,60,Greeting Card,بطاقة تهنئة
132,Anniversary special,هدية ذكرى سنوية,Anniversary special cake with flower hand bouquet 07,كعكة ذكرى سنوية خاصة مع باقة يد زهور 07,A charming cake paired with a hand-tied bouquet for special occasions.,كعكة ساحرة مقترنة بباقة منسقة يدوياً للمناسبات الخاصة.,370,60,Greeting Card,بطاقة تهنئة
133,Anniversary special,هدية ذكرى سنوية,Anniversary special cake with flower mix 04,كعكة ذكرى سنوية خاصة مع مزيج زهور 04,A beautifully decorated cake with a mixed fresh floral arrangement.,كعكة مزينة بجمال مع تنسيق زهور طازجة مشكلة.,440,60,Greeting Card,بطاقة تهنئة
134,Anniversary special,هدية ذكرى سنوية,Anniversary special cake with green flower mix 28,كعكة ذكرى سنوية خاصة مع مزيج زهور خضراء 28,An artistic green-themed cake paired with matching green floral accents.,كعكة فنية بطابع أخضر مقترنة بلمسات زهور خضراء مطابقة.,380,60,Greeting Card,بطاقة تهنئة
135,Anniversary special,هدية ذكرى سنوية,Anniversary special cake with mix flower,كعكة ذكرى سنوية خاصة مع مزيج زهور,A decadent chocolate cake paired with a lovely mixed flower bouquet.,كعكة شوكولاتة غنية مقترنة بباقة زهور مشكلة جميلة.,270,60,Greeting Card,بطاقة تهنئة
136,Anniversary special,هدية ذكرى سنوية,Anniversary special cake with mix special flower 10,كعكة ذكرى سنوية خاصة مع مزيج زهور خاصة 10,A premium celebration cake paired with a sophisticated special flower bouquet.,كعكة احتفالية فاخرة مقترنة بباقة زهور خاصة راقية.,360,60,Greeting Card,بطاقة تهنئة
137,Anniversary special,هدية ذكرى سنوية,Anniversary special cake with pink rose 03,كعكة ذكرى سنوية خاصة مع ورد وردي 03,"A soft, romantic cake paired with fresh pink roses.",كعكة ناعمة ورومانسية مقترنة بورود وردية طازجة.,250,60,Greeting Card,بطاقة تهنئة
138,Anniversary special,هدية ذكرى سنوية,Anniversary special cake with red rose 02,كعكة ذكرى سنوية خاصة مع ورد أحمر 02,A classic celebration cake paired with a luxurious red rose bouquet.,كعكة احتفالية كلاسيكية مقترنة بباقة ورد أحمر فاخرة.,270,60,Greeting Card,بطاقة تهنئة
139,Anniversary special,هدية ذكرى سنوية,Anniversary special cake with red rose bouquet 11,كعكة ذكرى سنوية خاصة مع باقة ورد أحمر 11,A premium celebration cake paired with a luxurious red rose bouquet.,كعكة احتفالية فاخرة مقترنة بباقة ورد أحمر فاخرة.,370,60,Greeting Card,بطاقة تهنئة
140,Anniversary special,هدية ذكرى سنوية,Anniversary special cake with rose white and red 05,كعكة ذكرى سنوية خاصة مع ورد أبيض وأحمر 05,A delightful cake paired with a classic bouquet of red and white roses.,كعكة لذيذة مقترنة بباقة كلاسيكية من الورد الأحمر والأبيض.,270,60,Greeting Card,بطاقة تهنئة
141,Anniversary special,هدية ذكرى سنوية,Anniversary special cake with standing bouquet 19,كعكة ذكرى سنوية خاصة مع باقة قائمة 19,A delicious cake complemented by a stylish standing floral bouquet.,كعكة لذيذة مكملة بباقة زهور قائمة أنيقة.,320,60,Greeting Card,بطاقة تهنئة
142,Anniversary special,هدية ذكرى سنوية,Anniversary special cake with white and green flower bouquet 29,كعكة ذكرى سنوية خاصة مع باقة زهور بيضاء وخضراء 29,A sophisticated cake paired with a fresh white and green floral arrangement.,كعكة راقية مقترنة بتنسيق زهور طازجة باللونين الأبيض والأخضر.,270,60,Greeting Card,بطاقة تهنئة
143,Anniversary special,هدية ذكرى سنوية,Anniversary special cake with white cute rose hand bouquet 15,كعكة ذكرى سنوية خاصة مع باقة يد ورد أبيض لطيفة 15,A charming cake paired with a sweet hand-tied bouquet of white roses.,كعكة ساحرة مقترنة بباقة يد رقيقة من الورود البيضاء.,270,60,Greeting Card,بطاقة تهنئة
144,Anniversary special,هدية ذكرى سنوية,Anniversary special cake with white rose 06,كعكة ذكرى سنوية خاصة مع ورد أبيض 06,"A simple, elegant cake paired with a fresh bunch of white roses.",كعكة بسيطة وأنيقة مقترنة بباقة من الورود البيضاء الطازجة.,270,60,Greeting Card,بطاقة تهنئة
145,Anniversary special,هدية ذكرى سنوية,Anniversary special cake with white rose bouquet 13,كعكة ذكرى سنوية خاصة مع باقة ورد أبيض 13,A beautiful celebration cake paired with a premium white rose bouquet.,كعكة احتفالية جميلة مقترنة بباقة ورد أبيض فاخرة.,320,60,Greeting Card,بطاقة تهنئة
146,Anniversary Special,هدايا ذكرى سنوية,ANNIVERSARY SPECIAL FLOWER BOUQUET -51,ذكرى سنوية باقة زهور-51,A grand and lush bouquet featuring a premium selection of seasonal flowers.,باقة ضخمة وغنية تضم تشكيلة فاخرة من الزهور الموسمية.,480,60,Greeting Card,بطاقة تهنئة
147,Anniversary Special,هدايا ذكرى سنوية,ANNIVERSARY SPECIAL flower bouquet fuchie themed -41,ذكرى سنوية باقة زهور بطابع فوشيا-41,A bold arrangement centered around vibrant fuchsia-toned flowers.,تنسيق جريء يتركز حول الزهور بدرجات الفوشيا الحيوية.,180,60,Greeting Card,بطاقة تهنئة
148,Anniversary Special,هدايا ذكرى سنوية,ANNIVERSARY SPECIAL FLOWER HAND BOUQUET -58,ذكرى سنوية باقة يد زهور-58,"A beautiful, hand-tied bouquet perfect for any special occasion.",باقة جميلة منسقة يدوياً، مثالية لأي مناسبة خاصة.,190,60,Greeting Card,بطاقة تهنئة
149,Anniversary special,هدية ذكرى سنوية,Anniversary special rose with mix flower and cake 30,ذكرى سنوية ورد مع مزيج زهور وكعكة 30,A decadent cake paired with a sophisticated bouquet of roses and mixed flowers.,كعكة فاخرة مقترنة بباقة راقية من الورود والزهور المشكلة.,320,60,Greeting Card,بطاقة تهنئة
150,Anniversary special,هدية ذكرى سنوية,Anniversary special white cake with white bouquet 21,ذكرى سنوية كعكة بيضاء مع باقة بيضاء 21,A classic white cake elegantly paired with a pure white floral bouquet.,كعكة بيضاء كلاسيكية مقترنة بأناقة بباقة زهور بيضاء نقية.,280,60,Greeting Card,بطاقة تهنئة
151,Anniversary Special,هدايا ذكرى سنوية,FLOWER LILLY MIX-56,زنبق مشكل-56,An elegant collection of lilies mixed with complementary fillers.,مجموعة أنيقة من زهور الزنبق مع زهور مكملة.,220,60,Greeting Card,بطاقة تهنئة
152,Anniversary Special,هدايا ذكرى سنوية,FLOWER MIX HAND BOUQUET-61,باقة يد زهور مشكلة-61,"A lovely, hand-crafted mix of various fresh seasonal flowers.",مزيج جميل ومصنوع يدوياً من زهور موسمية طازجة متنوعة.,140,60,Greeting Card,بطاقة تهنئة
153,Anniversary Special,هدايا ذكرى سنوية,happy anniversary red wow flower bouquet,باقة ذكرى سنوية ورد أحمر مبهرة,A spectacular red rose bouquet to celebrate a special anniversary.,باقة ورد أحمر مذهلة للاحتفال بذكرى سنوية خاصة.,290,60,Greeting Card,بطاقة تهنئة
154,Anniversary Special,هدايا ذكرى سنوية,happy anniversary special flower arrangement,تنسيق زهور ذكرى سنوية خاص,A uniquely designed arrangement for an unforgettable anniversary.,تنسيق مصمم بأسلوب فريد لذكرى سنوية لا تُنسى.,380,60,Greeting Card,بطاقة تهنئة
155,Anniversary Special,هدايا ذكرى سنوية,happy anniversary special fuchie and pink bouquet,باقة ذكرى سنوية فوشيا ووردي,A romantic mix of fuchsia and pink flowers for an anniversary.,مزيج رومانسي من الزهور الفوشيا والوردية لذكرى سنوية.,210,60,Greeting Card,بطاقة تهنئة
156,Anniversary Special,هدايا ذكرى سنوية,happy anniversary special MIX FLOWERS NO-1005,ذكرى سنوية باقة زهور مشكلة رقم 1005,A vibrant mix of fresh seasonal flowers in a beautiful arrangement.,مزيج حيوي من الزهور الموسمية الطازجة في تنسيق جميل.,380,60,Greeting Card,بطاقة تهنئة
157,Anniversary Special,هدايا ذكرى سنوية,happy anniversary special MIX FLOWERS-50,ذكرى سنوية باقة زهور مشكلة-50,A balanced blend of various colorful flowers.,مزيج متوازن من زهور متنوعة وملونة.,460,60,Greeting Card,بطاقة تهنئة
158,Anniversary Special,هدايا ذكرى سنوية,happy anniversary special mixed pink and golden bouquet,باقة ذكرى سنوية وردي وذهبي,An elegant anniversary bouquet featuring pink flowers and golden accents.,باقة ذكرى سنوية أنيقة تضم زهوراً وردية مع لمسات ذهبية.,370,60,Greeting Card,بطاقة تهنئة
159,Anniversary Special,هدايا ذكرى سنوية,happy anniversary special RED AND BLACK BOUQUET,باقة ذكرى سنوية حمراء وسوداء,A bold bouquet featuring a dramatic red and black color scheme.,باقة جريئة تتميز بنظام ألوان أحمر وأسود درامي.,160,60,Greeting Card,بطاقة تهنئة
160,Anniversary special,هدية ذكرى سنوية,Happy anniversary special red and white rose standing bouquet 091,باقة ذكرى سنوية خاصة ورد أحمر وأبيض قائمة 091,A classic standing bouquet of red and white roses for an anniversary.,باقة قائمة كلاسيكية من الورد الأحمر والأبيض لذكرى سنوية.,250,60,Greeting Card,بطاقة تهنئة
161,Anniversary special,هدية ذكرى سنوية,Happy anniversary special red flower bouquaet-57,باقة ذكرى سنوية خاصة زهور حمراء 57,A lush bouquet of deep red flowers for a bold statement.,باقة غنية من الزهور الحمراء الداكنة لإطلالة جريئة.,440,60,Greeting Card,بطاقة تهنئة
162,Anniversary special,هدية ذكرى سنوية,Happy anniversary special red premium birthday gift teddy fresh flower arrangement,باقة ذكرى سنوية خاصة تنسيق زهور دبدوب أحمر فاخر,A unique arrangement of fresh flowers in a cute teddy shape.,تنسيق فريد من الزهور الطازجة على شكل دمية دبدوب لطيفة.,940,60,Greeting Card,بطاقة تهنئة
163,Anniversary special,هدية ذكرى سنوية,Happy anniversary special red rose with white wrapper-54,باقة ذكرى سنوية خاصة ورد أحمر تغليف أبيض 54,Elegant red roses wrapped in minimalist white paper.,ورود حمراء أنيقة مغلفة بورق أبيض بسيط.,320,60,Greeting Card,بطاقة تهنئة
164,Anniversary special,هدية ذكرى سنوية,Happy anniversary special red rose arrangement premium table top arrangement,باقة ذكرى سنوية خاصة تنسيق ورد أحمر للطاولات فاخر,A sophisticated red rose arrangement for tabletop display.,تنسيق ورد أحمر راقٍ مصمم للعرض على الطاولات.,240,60,Greeting Card,بطاقة تهنئة
165,Anniversary special,هدية ذكرى سنوية,Happy anniversary special red rose bouquet,باقة ذكرى سنوية خاصة ورد أحمر,A romantic bouquet of premium red roses for anniversaries.,باقة رومانسية من الورد الأحمر الفاخر للذكرى السنوية.,190,60,Greeting Card,بطاقة تهنئة
166,Anniversary special,هدية ذكرى سنوية,Happy anniversary special red rose class mix-53,باقة ذكرى سنوية خاصة ورد أحمر كلاسيكي مشكل 53,A timeless mix of classic red roses with greenery.,مزيج خالد من الورد الأحمر الكلاسيكي مع لمسات خضراء.,240,60,Greeting Card,بطاقة تهنئة
167,Anniversary special,هدية ذكرى سنوية,Happy anniversary special red rose cute hand bouqut,باقة ذكرى سنوية خاصة باقة يد ورد أحمر لطيفة,"A charming, compact hand bouquet of fresh red roses.",باقة يد ساحرة ومدمجة من الورد الأحمر الطازج.,340,60,Greeting Card,بطاقة تهنئة
168,Anniversary special,هدية ذكرى سنوية,Happy anniversary special red rose with small flowers-59,باقة ذكرى سنوية خاصة ورد أحمر زهور صغيرة 59,Red roses enhanced with delicate filler flowers.,ورد أحمر معزز بزهور مكملة رقيقة.,220,60,Greeting Card,بطاقة تهنئة
169,Anniversary special,هدية ذكرى سنوية,Happy anniversary special red rose with white wrapper-55,باقة ذكرى سنوية خاصة ورد أحمر تغليف أبيض 55,Vibrant red roses in a stylish white wrapper.,ورود حمراء زاهية في تغليف أبيض أنيق.,180,60,Greeting Card,بطاقة تهنئة
170,Anniversary special,هدية ذكرى سنوية,Happy anniversary special red small hand bouquet-63,باقة ذكرى سنوية خاصة باقة يد حمراء صغيرة 63,A delicate and small hand-tied bouquet of red roses.,باقة يد رقيقة وصغيرة من الورد الأحمر.,140,60,Greeting Card,بطاقة تهنئة
171,Anniversary special,هدية ذكرى سنوية,Happy anniversary special rose premium heavy standing bouquet,باقة ذكرى سنوية خاصة باقة ورد قائمة فاخرة وكبيرة,"A grand, dense standing bouquet of premium red roses.",باقة قائمة ضخمة وكثيفة من الورد الأحمر الفاخر.,1400,60,Greeting Card,بطاقة تهنئة
172,Anniversary special,هدية ذكرى سنوية,Happy anniversary special rose red with white wrapper,باقة ذكرى سنوية خاصة ورد أحمر تغليف أبيض,Beautiful red roses styled with crisp white paper.,ورد أحمر جميل منسق بورق تغليف أبيض نقي.,180,60,Greeting Card,بطاقة تهنئة
173,Anniversary special,هدية ذكرى سنوية,Happy anniversary special standing bouquet red and black themed bouquet,باقة ذكرى سنوية خاصة باقة قائمة بطابع أحمر وأسود,A bold standing bouquet featuring a dramatic theme.,باقة قائمة جريئة تتميز بطابع درامي.,290,60,Greeting Card,بطاقة تهنئة
174,Anniversary special,هدية ذكرى سنوية,Happy anniversary special standing bouquet red rose with white wrapping special bouquet,باقة ذكرى سنوية خاصة باقة قائمة ورد أحمر تغليف أبيض خاص,Classic red roses in special white wrapping.,ورد أحمر كلاسيكي مقدم في تغليف أبيض خاص.,240,60,Greeting Card,بطاقة تهنئة
175,Anniversary special,هدية ذكرى سنوية,Happy anniversary special standing bouquet white and red flower bouquet,باقة ذكرى سنوية خاصة باقة قائمة زهور بيضاء وحمراء,A striking standing bouquet of white and red flowers.,باقة قائمة لافتة تضم مزيجاً من الزهور البيضاء والحمراء.,290,60,Greeting Card,بطاقة تهنئة
176,Anniversary special,هدية ذكرى سنوية,Happy anniversary special standing bouquet with cute red roses no-1034,باقة ذكرى سنوية خاصة باقة قائمة ورد أحمر لطيف 1034,A lovely standing bouquet featuring beautiful red roses.,باقة قائمة جميلة تضم وروداً حمراء رائعة.,190,60,Greeting Card,بطاقة تهنئة
177,Anniversary special,هدية ذكرى سنوية,Happy anniversary special white hydrangea and red rose hand bouquet-60,باقة ذكرى سنوية خاصة باقة يد ورد أحمر وأبيض 60,A romantic hand bouquet featuring a mix of red and white roses.,باقة يد رومانسية تضم مزيجاً من الورود الحمراء والبيضاء.,190,60,Greeting Card,بطاقة تهنئة
178,Anniversary special,هدية ذكرى سنوية,Happy wedding anniversary white nice bouquet,باقة زهور بيضاء جميلة لذكرى الزواج,"A beautiful, elegant white floral bouquet perfect for celebrating a wedding anniversary.",باقة زهور بيضاء جميلة وأنيقة مثالية للاحتفال بذكرى الزواج.,370,60,Greeting Card,بطاقة تهنئة
179,Birthday special,هدية عيد ميلاد,Birthday Special 10 Roses with Precious Gift Watch No-3010,باقة عيد الميلاد المميزة: 10 وردات مع ساعة هدايا ثمينة رقم 3010,10 premium red roses with a luxury gift watch.,10 وردات حمراء فاخرة مع ساعة هدايا ثمينة.,230,60,Greeting Card,بطاقة تهنئة
180,Birthday special,هدية عيد ميلاد,Birthday Special 10 Roses with Precious Gift Watch No-3011,باقة عيد الميلاد المميزة: 10 وردات مع ساعة هدايا ثمينة رقم 3011,10 fresh roses paired with an elegant gift watch.,10 وردات طازجة مع ساعة هدايا أنيقة.,230,60,Greeting Card,بطاقة تهنئة
181,Birthday special,هدية عيد ميلاد,Birthday Special 20 Roses with Precious Gift Watch No-3000,باقة عيد الميلاد المميزة: 20 وردة مع ساعة هدايا ثمينة رقم 3000,20 vibrant roses accompanied by a premium watch.,20 وردة زاهية مع ساعة ثمينة.,330,60,Greeting Card,بطاقة تهنئة
182,Birthday special,هدية عيد ميلاد,Birthday Special 20 Roses with Precious Gift Watch No-3002,باقة عيد الميلاد المميزة: 20 وردة مع ساعة هدايا ثمينة رقم 3002,20 roses in a classic arrangement with a gift watch.,20 وردة في تنسيق كلاسيكي مع ساعة هدايا.,330,60,Greeting Card,بطاقة تهنئة
183,Birthday special,هدية عيد ميلاد,Birthday Special 20 Roses with Precious Gift Watch No-3004,باقة عيد الميلاد المميزة: 20 وردة مع ساعة هدايا ثمينة رقم 3004,20 roses for a special celebration with a gift watch.,20 وردة لاحتفال خاص مع ساعة هدايا.,330,60,Greeting Card,بطاقة تهنئة
184,Birthday special,هدية عيد ميلاد,Birthday Special 20 Roses with Precious Gift Watch No-3007,باقة عيد الميلاد المميزة: 20 وردة مع ساعة هدايا ثمينة رقم 3007,20 roses set with a high-end gift watch.,20 وردة مع ساعة هدايا راقية.,330,60,Greeting Card,بطاقة تهنئة
185,Birthday special,هدية عيد ميلاد,Birthday Special 20 Roses with Precious Gift Watch No-3008,باقة عيد الميلاد المميزة: 20 وردة مع ساعة هدايا ثمينة رقم 3008,20 roses perfectly arranged with a watch set.,20 وردة منسقة بعناية مع طقم ساعة.,330,60,Greeting Card,بطاقة تهنئة
186,Birthday special,هدية عيد ميلاد,Birthday Special 20 White Roses with Precious Gift Watch No-3001,باقة عيد الميلاد المميزة: 20 وردة بيضاء مع ساعة هدايا ثمينة رقم 3001,20 pure white roses for a sophisticated gift.,20 وردة بيضاء نقية لهدية راقية.,330,60,Greeting Card,بطاقة تهنئة
187,Birthday special,هدية عيد ميلاد,Birthday Special 30 Mix Roses with Precious Gift Watch No-3007,باقة عيد الميلاد المميزة: 30 وردة مشكلة مع ساعة هدايا ثمينة رقم 3007,A beautiful mix of 30 roses with a gift watch.,مزيج جميل من 30 وردة مع ساعة هدايا.,430,60,Greeting Card,بطاقة تهنئة
188,Birthday special,هدية عيد ميلاد,Birthday Special 30 Roses with Precious Gift Watch No-3003,باقة عيد الميلاد المميزة: 30 وردة مع ساعة هدايا ثمينة رقم 3003,30 lush roses paired with a precious gift watch.,30 وردة كثيفة مع ساعة هدايا ثمينة.,430,60,Greeting Card,بطاقة تهنئة
189,Birthday special,هدية عيد ميلاد,Birthday Special 30 Roses with Precious Gift Watch No-3005,باقة عيد الميلاد المميزة: 30 وردة مع ساعة هدايا ثمينة رقم 3005,30 roses curated for a luxurious birthday surprise.,30 وردة منسقة لمفاجأة عيد ميلاد فاخرة.,430,60,Greeting Card,بطاقة تهنئة
190,Birthday special,هدية عيد ميلاد,Birthday Special 30 Roses with Precious Gift Watch No-3006,باقة عيد الميلاد المميزة: 30 وردة مع ساعة هدايا ثمينة رقم 3006,30 elegant roses with a signature gift watch.,30 وردة أنيقة مع ساعة هدايا مميزة.,430,60,Greeting Card,بطاقة تهنئة
191,Birthday special,هدية عيد ميلاد,Birthday Special 30 Roses with Precious Gift Watch No-3009,باقة عيد الميلاد المميزة: 30 وردة مع ساعة هدايا ثمينة رقم 3009,30 stunning roses to make the birthday unforgettable.,30 وردة مذهلة لجعل عيد الميلاد لا يُنسى.,430,60,Greeting Card,بطاقة تهنئة
192,Birthday special,هدية عيد ميلاد,Birthday Special Red Rose Arrangement in Black Box,تنسيق ورود حمراء لعيد الميلاد في صندوق أسود فاخر,Red roses beautifully packed in a black box.,ورد أحمر مغلف بجمال في صندوق أسود.,1250,60,Greeting Card,بطاقة تهنئة
193,Birthday special,هدية عيد ميلاد,Birthday Special Blue Flower Arrangement,تنسيق زهور زرقاء مميز لعيد الميلاد,A unique and artistic arrangement of blue flowers.,تنسيق فني وفريد من الزهور الزرقاء.,430,60,Greeting Card,بطاقة تهنئة
194,Birthday special,هدية عيد ميلاد,Birthday Special Bouquet with Lily Green and Mix-39,باقة عيد الميلاد المميزة: زهور الزنبق الخضراء وتشكيلة زهور رقم 39,Fresh lilies mixed with green foliage.,زهور الزنبق الطازجة مع أوراق خضراء.,180,60,Greeting Card,بطاقة تهنئة
195,Birthday special,هدية عيد ميلاد,Birthday Special Cake with Flower -01,كعكة عيد الميلاد المميزة مع زهور رقم 01,A delicious cake paired with a floral arrangement.,كعكة لذيذة مع تنسيق زهور.,320,60,Greeting Card,بطاقة تهنئة
196,Birthday special,هدية عيد ميلاد,Birthday Special Cake with Flower Bouquet 22,كعكة عيد الميلاد المميزة مع باقة زهور رقم 22,A celebratory cake and a large floral bouquet.,كعكة احتفالية مع باقة زهور كبيرة.,270,60,Greeting Card,بطاقة تهنئة
197,Birthday special,هدية عيد ميلاد,Birthday Special Cake with Flower Hand Bouquet 07,كعكة عيد الميلاد المميزة مع باقة زهور يدوية 07,Delightful birthday cake paired with a floral bouquet.,كعكة عيد ميلاد لذيذة مع باقة زهور.,270,60,Greeting Card,بطاقة تهنئة
198,Birthday special,هدية عيد ميلاد,Birthday Special Cake with Flower Hand Bouquet 09,كعكة عيد الميلاد المميزة مع باقة زهور يدوية 09,Gourmet birthday cake and a fresh flower bouquet.,كعكة عيد ميلاد فاخرة وباقة زهور طازجة.,270,60,Greeting Card,بطاقة تهنئة
199,Birthday special,هدية عيد ميلاد,Birthday Special Cake with Flower Mix 04,كعكة عيد الميلاد المميزة مع تشكيلة زهور 04,Celebration cake accompanied by a mix of flowers.,كعكة احتفالية مع تشكيلة متنوعة من الزهور.,380,60,Greeting Card,بطاقة تهنئة
200,Birthday special,هدية عيد ميلاد,Birthday Special Cake with Green Flower Mix 28,كعكة عيد الميلاد المميزة مع تشكيلة زهور خضراء 28,Elegant cake featuring a green floral arrangement.,كعكة أنيقة مع تنسيق زهور باللون الأخضر.,280,60,Greeting Card,بطاقة تهنئة
201,Birthday special,هدية عيد ميلاد,Birthday Special Cake with Mix Flower,كعكة عيد الميلاد المميزة مع تشكيلة زهور,Festive cake with a colorful floral display.,كعكة احتفالية مع تنسيق زهور ملون.,280,60,Greeting Card,بطاقة تهنئة
202,Birthday special,هدية عيد ميلاد,Birthday Special Cake with Mix Special Flower 10,كعكة عيد الميلاد المميزة مع تشكيلة زهور خاصة 10,Premium cake matched with a special flower bouquet.,كعكة فاخرة مع باقة زهور خاصة.,270,60,Greeting Card,بطاقة تهنئة
203,Birthday special,هدية عيد ميلاد,Birthday Special Cake with Pink Rose 03,كعكة عيد الميلاد المميزة مع ورد وردي 03,Sweet birthday cake with a pink rose bouquet.,كعكة عيد ميلاد رائعة مع باقة ورد وردي.,290,60,Greeting Card,بطاقة تهنئة
204,Birthday special,هدية عيد ميلاد,Birthday Special Cake with Red Rose 02,كعكة عيد الميلاد المميزة مع ورد أحمر 02,Romantic cake paired with a red rose bouquet.,كعكة رومانسية مع باقة ورد أحمر.,270,60,Greeting Card,بطاقة تهنئة
205,Birthday special,هدية عيد ميلاد,Birthday Special Cake with Red Rose Bouquet 11,كعكة عيد الميلاد المميزة مع باقة ورد أحمر 11,Rich birthday cake with a large red rose bouquet.,كعكة عيد ميلاد غنية مع باقة ورد أحمر كبيرة.,310,60,Greeting Card,بطاقة تهنئة
206,Birthday special,هدية عيد ميلاد,Birthday Special Cake with Rose White and Red 05,كعكة عيد الميلاد المميزة مع ورد أبيض وأحمر 05,Classic cake with a dual-tone red and white bouquet.,كعكة كلاسيكية مع باقة ورد أحمر وأبيض.,310,60,Greeting Card,بطاقة تهنئة
207,Birthday special,هدية عيد ميلاد,Birthday Special Cake with Special Hand Bouquet 25,كعكة عيد الميلاد المميزة مع باقة يدوية خاصة 25,Birthday cake with a beautifully styled hand bouquet.,كعكة عيد ميلاد مع باقة يدوية منسقة بجمال.,270,60,Greeting Card,بطاقة تهنئة
208,Birthday special,هدية عيد ميلاد,Birthday Special Cake with Standing Bouquet 19,كعكة عيد الميلاد المميزة مع باقة قائمة 19,Celebration cake featuring a standing floral bouquet.,كعكة احتفالية مع باقة زهور قائمة.,280,60,Greeting Card,بطاقة تهنئة
209,Birthday special,هدية عيد ميلاد,Birthday Special Cake with White and Green Flower Bouquet 29,كعكة عيد الميلاد المميزة مع باقة زهور بيضاء وخضراء 29,Fresh cake with a white and green floral arrangement.,كعكة طازجة مع تنسيق زهور أبيض وأخضر.,280,60,Greeting Card,بطاقة تهنئة
210,Birthday special,هدية عيد ميلاد,Birthday Special Cake with White Cute Rose Hand Bouquet 15,كعكة عيد الميلاد المميزة مع باقة ورد أبيض لطيفة 15,Cute cake set with a delicate white rose bouquet.,كعكة لطيفة مع باقة ورد أبيض رقيقة.,280,60,Greeting Card,بطاقة تهنئة
211,Birthday special,هدية عيد ميلاد,Birthday Special Cake with White Rose 06,كعكة عيد الميلاد المميزة مع ورد أبيض 06,Elegant cake paired with a white rose arrangement.,كعكة أنيقة مع تنسيق ورد أبيض.,280,60,Greeting Card,بطاقة تهنئة
212,Birthday special,هدية عيد ميلاد,Birthday Special Cake with White Rose Bouquet 13,كعكة عيد الميلاد المميزة مع باقة ورد أبيض 13,Sophisticated cake with a classic white rose bouquet.,كعكة راقية مع باقة ورد أبيض كلاسيكية.,280,60,Greeting Card,بطاقة تهنئة
213,Birthday special,هدية عيد ميلاد,Birthday Special Flower Bouquet with Chocolate 01,باقة زهور عيد الميلاد المميزة مع شوكولاتة 01,Beautiful flower bouquet accompanied by chocolates.,باقة زهور جميلة مع شوكولاتة.,290,60,Greeting Card,بطاقة تهنئة
214,Birthday special,هدية عيد ميلاد,Birthday Special Flower Bouquet with Chocolate 02,باقة زهور عيد الميلاد المميزة مع شوكولاتة 02,Floral gift set paired with assorted chocolates.,هدية زهور مع تشكيلة من الشوكولاتة.,180,60,Greeting Card,بطاقة تهنئة
215,Birthday special,هدية عيد ميلاد,Birthday Special Flower Bouquet with Chocolate 03,باقة زهور عيد الميلاد مع شوكولاتة 03,Pink roses paired with Ferrero Rocher chocolates.,ورود وردية مع شوكولاتة فيريرو روشيه.,180,60,Greeting Card,بطاقة تهنئة
216,Birthday special,هدية عيد ميلاد,Birthday Special Flower Bouquet with Chocolate 04 (2),باقة زهور عيد الميلاد مع شوكولاتة 04 (2),Elegant chocolates presented in a black box.,شوكولاتة أنيقة مقدمة في صندوق أسود.,190,60,Greeting Card,بطاقة تهنئة
217,Birthday special,هدية عيد ميلاد,Birthday Special Flower Bouquet with Chocolate 04,باقة زهور عيد الميلاد مع شوكولاتة 04,Red roses with a golden chocolate base.,ورود حمراء مع قاعدة شوكولاتة ذهبية.,280,60,Greeting Card,بطاقة تهنئة
218,Birthday special,هدية عيد ميلاد,Birthday Special Flower Bouquet with Chocolate 05,باقة زهور عيد الميلاد مع شوكولاتة 05,Vibrant red roses mixed with chocolates.,ورود حمراء زاهية ممزوجة بالشوكولاتة.,290,60,Greeting Card,بطاقة تهنئة
219,Birthday special,هدية عيد ميلاد,Birthday Special Flower Bouquet with Chocolate 07,باقة زهور عيد الميلاد مع شوكولاتة 07,Red rose arrangement surrounded by chocolates.,تنسيق ورود حمراء محاط بالشوكولاتة.,270,60,Greeting Card,بطاقة تهنئة
220,Birthday special,هدية عيد ميلاد,Birthday Special Flower Bouquet with Chocolate 08,باقة زهور عيد الميلاد مع شوكولاتة 08,Soft pink roses with a chocolate gift box.,ورود وردية ناعمة مع علبة شوكولاتة.,340,60,Greeting Card,بطاقة تهنئة
221,Birthday special,هدية عيد ميلاد,Birthday Special Flower Bouquet with Chocolate 09,باقة زهور عيد الميلاد مع شوكولاتة 09,Classic bouquet with a purple chocolate accent.,باقة كلاسيكية مع لمسة شوكولاتة بنفسجية.,190,60,Greeting Card,بطاقة تهنئة
222,Birthday special,هدية عيد ميلاد,Birthday Special Flower Bouquet with Chocolate 10,باقة زهور عيد الميلاد مع شوكولاتة 10,Red roses wrapped in premium black paper.,ورود حمراء مغلفة بورق أسود فاخر.,240,60,Greeting Card,بطاقة تهنئة
223,Birthday special,هدية عيد ميلاد,Birthday Special Flower Bouquet with Chocolate 11,باقة زهور عيد الميلاد مع شوكولاتة 11,Mixed blooms with a chocolate center.,زهور متنوعة مع مركز من الشوكولاتة.,300,60,Greeting Card,بطاقة تهنئة
224,Birthday special,هدية عيد ميلاد,Birthday Special Flower Bouquet with Chocolate 12,باقة زهور عيد الميلاد مع شوكولاتة 12,Pastel-colored bouquet with chocolate treats.,باقة بألوان فاتحة مع قطع الشوكولاتة.,110,60,Greeting Card,بطاقة تهنئة
225,Birthday special,هدية عيد ميلاد,Birthday Special Pink Rose with Luxury Perfume,ورد وردي لعيد الميلاد مع عطر فاخر,Pink roses accompanied by a signature perfume.,ورود وردية مع عطر مميز.,240,60,Greeting Card,بطاقة تهنئة
226,Birthday special,هدية عيد ميلاد,Birthday Special Purple Rose with Perfume,ورد بنفسجي لعيد الميلاد مع عطر,Elegant purple roses paired with a perfume set.,ورود بنفسجية أنيقة مع طقم عطر.,390,60,Greeting Card,بطاقة تهنئة
227,Birthday special,هدية عيد ميلاد,Birthday Special Red Rose Premium Table Top,تنسيق طاولة الورد الأحمر الفاخر,Stunning red rose arrangement for tabletops.,تنسيق مذهل من الورد الأحمر للطاولات.,250,60,Greeting Card,بطاقة تهنئة
228,Birthday special,هدية عيد ميلاد,Birthday Special Red Roses with Perfume 108,ورود حمراء لعيد الميلاد مع عطر 108,Red roses paired with a matching luxury perfume.,ورود حمراء مع عطر فاخر مطابق.,390,60,Greeting Card,بطاقة تهنئة
229,Birthday special,هدية عيد ميلاد,Birthday Special Rose with Mix Flower 30,ورد عيد الميلاد مع تشكيلة زهور 30,A cake paired with a mix of flowers.,كعكة مع تشكيلة متنوعة من الزهور.,280,60,Greeting Card,بطاقة تهنئة
230,Birthday special,هدية عيد ميلاد,Birthday Special Royal Bloom Perfume Set 102,طقم عطر رويال بلوم لعيد الميلاد 102,Royal blue flowers paired with a perfume set.,زهور زرقاء ملكية مع طقم عطر.,390,60,Greeting Card,بطاقة تهنئة
231,Birthday special,هدية عيد ميلاد,Birthday Special White and Golden Flower,زهور عيد الميلاد البيضاء والذهبية,Premium white and gold floral arrangement.,تنسيق زهور أبيض وذهبي فاخر.,390,60,Greeting Card,بطاقة تهنئة
232,Birthday special,هدية عيد ميلاد,Birthday Special White Cake with White Bouquet 21,كعكة بيضاء وباقة لعيد الميلاد 21,Elegant white cake with a matching white bouquet.,كعكة بيضاء أنيقة مع باقة بيضاء مطابقة.,280,60,Greeting Card,بطاقة تهنئة
233,Birthday special,هدية عيد ميلاد,Birthday Special White Flower Teddy Bear Arrangement,تنسيق دبدوب زهور بيضاء لعيد الميلاد,A cute teddy bear crafted from white flowers.,دبدوب لطيف مصنوع من الزهور البيضاء.,970,60,Greeting Card,بطاقة تهنئة
234,Birthday special,هدية عيد ميلاد,Birthday Special White Rose and Luxury Perfume,ورد أبيض لعيد الميلاد مع عطر فاخر,Elegant white roses paired with a luxury perfume bottle.,ورود بيضاء أنيقة مع زجاجة عطر فاخرة.,390,60,Greeting Card,بطاقة تهنئة
235,Birthday special,هدية عيد ميلاد,Birthday Special Yellow and Red Rose with Luxury Perfume,ورد أصفر وأحمر لعيد الميلاد مع عطر فاخر,A vibrant mix of yellow and red roses with perfume.,مزيج زاهٍ من الورود الصفراء والحمراء مع العطر.,390,60,Greeting Card,بطاقة تهنئة
236,Birthday special,هدية عيد ميلاد,Happy Birthday Fuchsia and Pink Rose Bouquet,باقة ورد فوشيا ووردي لعيد الميلاد,A bright bouquet featuring fuchsia and pink roses.,باقة زاهية تضم ورود الفوشيا والوردي.,240,60,Greeting Card,بطاقة تهنئة
237,Birthday special,هدية عيد ميلاد,Happy Birthday Luxury Perfume with Flower Arrangement,عطر فاخر لعيد الميلاد مع تنسيق زهور,A premium perfume set displayed with floral blooms.,طقم عطر فاخر مع باقة زهور منسقة.,380,60,Greeting Card,بطاقة تهنئة
238,Birthday special,هدية عيد ميلاد,Happy Birthday Luxury Perfume with Flower Premium Arrangement,عطر فاخر لعيد الميلاد مع تنسيق زهور مميز,Exclusive perfume arrangement with luxury flowers.,تنسيق عطر حصري مع زهور فاخرة.,390,60,Greeting Card,بطاقة تهنئة
239,Birthday special,هدية عيد ميلاد,Happy Birthday Premium Pinkish Themed Perfume Arrangement,تنسيق عطر بطابع وردي لعيد الميلاد,A soft pink-themed perfume and floral display.,عرض عطر وزهور بتصميم باللون الوردي الناعم.,570,60,Greeting Card,بطاقة تهنئة
240,Birthday special,هدية عيد ميلاد,Happy Birthday Red and Gold Merge Perfume Arrangement,تنسيق عطر أحمر وذهبي لعيد الميلاد,"A regal blend of red flowers, gold accents, and perfume.",مزيج ملكي من الزهور الحمراء واللمسات الذهبية والعطر.,360,60,Greeting Card,بطاقة تهنئة
241,Birthday special,هدية عيد ميلاد,Happy Birthday Red and White Oud and Rose Perfume Arrangement,تنسيق عطر العود والورد الأحمر والأبيض لعيد الميلاد,"A sophisticated arrangement featuring oud, roses, and perfume.",تنسيق راقي يجمع بين العود والورود والعطر.,390,60,Greeting Card,بطاقة تهنئة
242,Birthday special,هدية عيد ميلاد,Happy Birthday Red Rose Bouquet,باقة ورد أحمر لعيد الميلاد,A classic and romantic red rose bouquet.,باقة كلاسيكية ورومانسية من الورود الحمراء.,390,60,Greeting Card,بطاقة تهنئة
243,Birthday special,هدية عيد ميلاد,Happy Birthday Royal Perfume with Flower Arrangement,عطر ملكي لعيد الميلاد مع تنسيق زهور,A royal-themed perfume set surrounded by fresh flowers.,طقم عطر ملكي محاط بالزهور الطازجة.,490,60,Greeting Card,بطاقة تهنئة
244,Birthday special,هدية عيد ميلاد,Happy Birthday Special Bouquet with Tulip White Small,باقة توليب أبيض صغيرة لعيد الميلاد,A dainty and elegant small white tulip bouquet.,باقة توليب أبيض صغيرة رقيقة وأنيقة.,130,60,Greeting Card,بطاقة تهنئة
245,Birthday special,هدية عيد ميلاد,Happy Birthday Special Bouquet Pink Lily with Beige Wrap-04,باقة زنبق وردي مع تغليف بيج لعيد الميلاد - 04,Pink lilies wrapped in rustic beige paper.,زنبق وردي ملفوف بورق بيج بسيط وأنيق.,150,60,Greeting Card,بطاقة تهنئة
246,Birthday special,هدية عيد ميلاد,Happy Birthday Special Bouquet Purple Tulip-02,باقة توليب بنفسجي لعيد الميلاد - 02,A beautiful bouquet of purple tulips.,باقة جميلة من التوليب البنفسجي.,200,60,Greeting Card,بطاقة تهنئة
247,Birthday special,هدية عيد ميلاد,Happy Birthday Special Bouquet Red Rose Double Wrap-03,باقة ورد أحمر مع تغليف مزدوج لعيد الميلاد - 03,Red roses featuring a premium double-layer wrap.,ورود حمراء مع تغليف مزدوج فاخر.,150,60,Greeting Card,بطاقة تهنئة
248,Birthday special,هدية عيد ميلاد,Happy Birthday Special Bouquet White Tulip with Traditional Wrap-05,باقة توليب أبيض مع تغليف تقليدي لعيد الميلاد - 05,"White tulips wrapped in a traditional, natural style.",توليب أبيض ملفوف بأسلوب تقليدي وطبيعي.,270,60,Greeting Card,بطاقة تهنئة
249,Birthday special,هدية عيد ميلاد,Happy Birthday Special Bouquet White Tulip-05,باقة توليب أبيض لعيد الميلاد - 05,A clean and classic bouquet of fresh white tulips.,باقة نقية وكلاسيكية من التوليب الأبيض الطازج.,170,60,Greeting Card,بطاقة تهنئة
250,Birthday special,هدية عيد ميلاد,Happy Birthday Special Bouquet with All Tulip Mix-30,باقة توليب مشكلة لعيد الميلاد - 30,A colorful and joyful mix of various tulip shades.,مزيج ملون ومبهج من درجات التوليب المتنوعة.,430,60,Greeting Card,بطاقة تهنئة
251,Birthday special,هدية عيد ميلاد,Happy birthday special Bouquet with cute lilly-11,باقة عيد الميلاد المميزة مع زنبق لطيف-11,A charming bouquet featuring delicate white lilies.,باقة ساحرة تتميز بزهور الزنبق الأبيض الرقيقة.,150,60,Greeting Card,بطاقة تهنئة
252,Birthday special,هدية عيد ميلاد,Happy birthday special Bouquet with cute mix flowers,باقة عيد الميلاد المميزة مع زهور مشكلة لطيفة,A delightful mix of colorful flowers for any celebration.,مزيج مبهج من الزهور الملونة لأي احتفال.,290,60,Greeting Card,بطاقة تهنئة
253,Birthday special,هدية عيد ميلاد,Happy birthday special Bouquet with cye tulip-24,باقة عيد الميلاد المميزة مع توليب-24,Fresh and vibrant tulips perfect for birthdays.,زهور التوليب الطازجة والزاهية مثالية لأعياد الميلاد.,150,60,Greeting Card,بطاقة تهنئة
254,Birthday special,هدية عيد ميلاد,Happy birthday special Bouquet with heart pink-14,باقة عيد الميلاد المميزة مع قلب وردي-14,Beautiful pink roses arranged in a lovely bouquet.,ورود وردية جميلة مرتبة في باقة رائعة.,370,60,Greeting Card,بطاقة تهنئة
255,Birthday special,هدية عيد ميلاد,Happy birthday special Bouquet with lilly grey wrapp-35,باقة عيد الميلاد المميزة مع زنبق وتغليف رمادي-35,White lilies presented in elegant grey wrapping.,زهور الزنبق الأبيض مقدمة في تغليف رمادي أنيق.,180,60,Greeting Card,بطاقة تهنئة
256,Birthday special,هدية عيد ميلاد,Happy birthday special Bouquet with long lilly-35,باقة عيد الميلاد المميزة مع زنبق طويل-35,"Tall, elegant lilies designed for a luxurious look.",زهور الزنبق الطويلة والأنيقة مصممة لمظهر فاخر.,200,60,Greeting Card,بطاقة تهنئة
257,Birthday special,هدية عيد ميلاد,Happy birthday special Bouquet with mix color,باقة عيد الميلاد المميزة مع ألوان مشكلة,A vibrant collection of mixed-colored blooms.,مجموعة زاهية من الزهور ذات الألوان المختلطة.,290,60,Greeting Card,بطاقة تهنئة
258,Birthday special,هدية عيد ميلاد,Happy birthday special Bouquet pink lilly-01,باقة عيد الميلاد المميزة مع زنبق وردي-01,Soft pink lilies arranged for a gentle birthday surprise.,زهور الزنبق الوردي الناعم مرتبة لمفاجأة عيد ميلاد لطيفة.,270,60,Greeting Card,بطاقة تهنئة
259,Birthday special,هدية عيد ميلاد,Happy birthday special Bouquet white lilly-04,باقة عيد الميلاد المميزة مع زنبق أبيض-04,Classic white lilies wrapped for a sophisticated gift.,زهور الزنبق الأبيض الكلاسيكية مغلفة كهدية راقية.,220,60,Greeting Card,بطاقة تهنئة
260,Birthday special,هدية عيد ميلاد,Happy birthday special Bouquet with lilly mix arrangment-16,باقة عيد الميلاد المميزة مع تنسيق زنبق مشكل-16,A rich arrangement featuring mixed lily varieties.,تنسيق غني يضم أصنافًا متنوعة من زهور الزنبق.,230,60,Greeting Card,بطاقة تهنئة
261,Birthday special,هدية عيد ميلاد,Happy birthday special Luxury perfume with Royal Flower Arrangement,عطر فاخر لعيد الميلاد مع تنسيق زهور ملكي,A premium perfume set paired with a royal floral display.,طقم عطر فاخر مقترن بعرض زهور ملكي.,490,60,Greeting Card,بطاقة تهنئة
262,Birthday special,هدية عيد ميلاد,Happy birthday special mixed pink and golden bouquet,باقة عيد الميلاد المميزة باللون الوردي والذهبي,A stunning bouquet with pink flowers and golden accents.,باقة مذهلة بالزهور الوردية واللمسات الذهبية.,370,60,Greeting Card,بطاقة تهنئة
263,Birthday special,هدية عيد ميلاد,Birthday Special Pink and Beige Flower Luxury Perfume Arrangement,تنسيق زهور وردية وبيج مع عطر فاخر لعيد الميلاد,Delicate pink and beige flowers paired with luxury perfume.,زهور وردية وبيج رقيقة مقترنة بعطر فاخر.,390,60,Greeting Card,بطاقة تهنئة
264,Birthday special,هدية عيد ميلاد,Birthday Special Pink Rose with Luxury Perfume,ورد وردي لعيد الميلاد مع عطر فاخر,Beautiful pink roses accompanied by a luxury perfume.,ورود وردية جميلة مصحوبة بعطر فاخر.,390,60,Greeting Card,بطاقة تهنئة
265,Birthday special,هدية عيد ميلاد,Birthday Special Pinkish Brand Luxury Flower Arrangement,تنسيق زهور فاخر لعيد الميلاد بلمسة وردية,A premium floral arrangement with elegant pinkish tones.,تنسيق زهور فاخر بدرجات وردية أنيقة.,360,60,Greeting Card,بطاقة تهنئة
266,Birthday special,هدية عيد ميلاد,Birthday Special Purple Rose and Luxury Perfume,ورد بنفسجي لعيد الميلاد مع عطر فاخر,Stunning purple roses and luxury perfume in a gift set.,ورود بنفسجية مذهلة وعطر فاخر في طقم هدايا.,360,60,Greeting Card,بطاقة تهنئة
267,Birthday special,هدية عيد ميلاد,Birthday Special Red Premium Birthday Gift Teddy Fresh Flower Arrangement,تنسيق دبدوب زهور طبيعية أحمر فاخر لعيد الميلاد,A premium birthday gift featuring a teddy bear made of fresh red flowers.,هدية عيد ميلاد فاخرة تتميز بدبدوب مصنوع من الزهور الحمراء الطبيعية.,790,60,Greeting Card,بطاقة تهنئة
268,Birthday special,هدية عيد ميلاد,Birthday Special White Beauty Merge Perfume Arrangement,تنسيق عطر جمال أبيض لعيد الميلاد,Elegant white flowers blended with a luxury perfume set.,زهور بيضاء أنيقة ممزوجة بطقم عطر فاخر.,390,60,Greeting Card,بطاقة تهنئة
269,Birthday special,هدية عيد ميلاد,Birthday Special White and Red Bouquet,باقة عيد الميلاد المميزة باللونين الأبيض والأحمر,A classic bouquet combining white and red blooms.,باقة كلاسيكية تجمع بين الزهور البيضاء والحمراء.,490,60,Greeting Card,بطاقة تهنئة
270,Birthday special,هدية عيد ميلاد,Birthday Special White Mix Flower with Luxury Perfume,زهور بيضاء مشكلة لعيد الميلاد مع عطر فاخر,A mix of white flowers presented with a luxury perfume.,تشكيلة من الزهور البيضاء مقدمة مع عطر فاخر.,620,60,Greeting Card,بطاقة تهنئة
271,Birthday special,هدية عيد ميلاد,Birthday Special Whitish Arrangement with Branded Perfume,تنسيق أبيض لعيد الميلاد مع عطر ماركة,Sophisticated white floral arrangement featuring a branded perfume.,تنسيق زهور أبيض راقي يتميز بعطر ماركة.,620,60,Greeting Card,بطاقة تهنئة
272,Birthday special,هدية عيد ميلاد,Birthday Special Whitish Wow Bouquet,"باقة ""واو"" بيضاء لعيد الميلاد",An impressive and stunning bouquet of white flowers.,باقة مثيرة ومذهلة من الزهور البيضاء.,370,60,Greeting Card,بطاقة تهنئة
273,Bridal bouquet,باقة عروس,Bridal bouquet new model mix purple flowers,باقة عروس موديل جديد زهور بنفسجية مشكلة,An elegant cascading bouquet featuring a mix of beautiful purple flowers.,باقة منسدلة أنيقة تتميز بمزيج من الزهور البنفسجية الجميلة.,750,60,Greeting Card,بطاقة تهنئة
274,Bridal bouquet,باقة عروس,Bridal bouquet new model white and pink fresh flowers,باقة عروس موديل جديد زهور بيضاء ووردية طازجة,A fresh and romantic bouquet combining white and pink blossoms.,باقة طازجة ورومانسية تجمع بين الزهور البيضاء والوردية.,730,60,Greeting Card,بطاقة تهنئة
275,Bridal bouquet,باقة عروس,Bridal bouquet new model white mixed bouquet,باقة عروس موديل جديد باقة بيضاء مشكلة,A classic bridal arrangement with a mix of elegant white flowers.,تنسيق عروس كلاسيكي مع مزيج من الزهور البيضاء الأنيقة.,580,60,Greeting Card,بطاقة تهنئة
276,Bridal bouquet,باقة عروس,Cala lilly bridal bouquet,باقة عروس زنبق كالا,A sophisticated and minimalist bridal bouquet made of white cala lilies.,باقة عروس راقية وبسيطة مصنوعة من زنابق الكالا البيضاء.,330,60,Greeting Card,بطاقة تهنئة
277,Bridal bouquet,باقة عروس,Lilly bridal bouquet,باقة عروس زنبق,"A stunning arrangement of pure white lilies, perfect for a wedding day.",تنسيق مذهل من زنابق بيضاء نقية، مثالي ليوم الزفاف.,290,60,Greeting Card,بطاقة تهنئة
278,Bridal bouquet,باقة عروس,Off white bridal bouquet,باقة عروس أوف وايت,A soft and romantic bouquet in elegant off-white tones.,باقة ناعمة ورومانسية بدرجات الأوف وايت الأنيقة.,320,60,Greeting Card,بطاقة تهنئة
279,Bridal bouquet,باقة عروس,Red rose bridal bouquet,باقة عروس ورد أحمر,A passionate and timeless bridal bouquet of deep red roses.,باقة عروس عاطفية وخالدة من الورود الحمراء الداكنة.,250,60,Greeting Card,بطاقة تهنئة
280,Bridal bouquet,باقة عروس,Rose and calalilly bridal bouquet,باقة عروس ورد وزنبق كالا,A beautiful combination of classic roses and elegant cala lilies.,مزيج جميل من الورود الكلاسيكية وزنابق الكالا الأنيقة.,230,60,Greeting Card,بطاقة تهنئة
281,Bridal bouquet,باقة عروس,Tulip bridal bouquet,باقة عروس توليب,A charming and delicate bridal bouquet featuring fresh white and pink tulips.,باقة عروس ساحرة ورقيقة تتميز بتوليب أبيض ووردي طازج.,300,60,Greeting Card,بطاقة تهنئة
282,Bridal bouquet,باقة عروس,White bridal bouquet,باقة عروس بيضاء,A pure and elegant all-white bridal bouquet for a traditional look.,باقة عروس بيضاء نقية وأنيقة لمظهر تقليدي.,250,60,Greeting Card,بطاقة تهنئة
283,Bridal bouquet,باقة عروس,White carnation bridal bouquet,باقة عروس قرنفل أبيض,A delicate and textured bridal bouquet made of fresh white carnations.,باقة عروس رقيقة وذات ملمس مميز مصنوعة من القرنفل الأبيض الطازج.,250,60,Greeting Card,بطاقة تهنئة
284,Bridal bouquet,باقة عروس,White mixed bridal bouquet,باقة عروس بيضاء مشكلة,"A lovely, mixed white floral bouquet with various seasonal blooms.",باقة زهور بيضاء مشكلة جميلة مع مختلف الزهور الموسمية.,370,,Greeting Card,بطاقة تهنئة
285,Bridal bouquet,باقة عروس,Whitish mixed bridal bouquet,باقة عروس أبيض مشكل,"A soft, whitish-toned mixed bouquet, perfect for an elegant wedding.",باقة مشكلة بدرجات بيضاء ناعمة، مثالية لزفاف أنيق.,390,60,Greeting Card,بطاقة تهنئة
286,Budget flowers (below - 100 qr),زهور اقتصادية (أقل من 100 ريال),2 Pink lily with white wrapper no-1027,2 زنبق وردي مع تغليف أبيض رقم 1027,Two delicate pink lilies presented in clean white wrapping.,زنبق وردي رقيق مقدم في تغليف أبيض نقي.,60,60,Greeting Card,بطاقة تهنئة
287,Budget flowers (below - 100 qr),زهور اقتصادية (أقل من 100 ريال),2 White lily no-1000,2 زنبق أبيض رقم 1000,A simple and elegant pair of fresh white lilies.,زوج من زهور الزنبق الأبيض الطازج بتصميم بسيط وأنيق.,60,60,Greeting Card,بطاقة تهنئة
288,Budget flowers (below - 100 qr),زهور اقتصادية (أقل من 100 ريال),3 Red rose beauty,3 وردة حمراء جميلة,Three classic red roses arranged beautifully for a subtle gift.,ثلاث وردات حمراء كلاسيكية منسقة بجمال لهدية رقيقة.,80,60,Greeting Card,بطاقة تهنئة
289,Budget flowers (below - 100 qr),زهور اقتصادية (أقل من 100 ريال),3 Pink roses,3 وردة وردية,"Three soft pink roses, perfect for a sweet and simple gesture.",ثلاث وردات وردية ناعمة، مثالية لفتة رقيقة وبسيطة.,60,60,Greeting Card,بطاقة تهنئة
290,Budget flowers (below - 100 qr),زهور اقتصادية (أقل من 100 ريال),3 White roses,3 وردة بيضاء,"Three pure white roses, representing innocence and elegance.",ثلاث وردات بيضاء نقية، تمثل البراءة والأناقة.,60,60,Greeting Card,بطاقة تهنئة
291,Budget flowers (below - 100 qr),زهور اقتصادية (أقل من 100 ريال),5 Roses fushiya no-1092,5 وردة فوشيا رقم 1092,"Five vibrant fuchsia roses, ideal for a bright and happy gift.",خمس وردات فوشيا زاهية، مثالية لهدية مشرقة وسعيدة.,80,60,Greeting Card,بطاقة تهنئة
292,Budget flowers (below - 100 qr),زهور اقتصادية (أقل من 100 ريال),6 Cala lily no-1098,6 زنبق كالا رقم 1098,"Six graceful cala lilies arranged in a modern, stylish bouquet.",ست زهرات زنبق كالا أنيقة منسقة في باقة عصرية وأنيقة.,170,60,Greeting Card,بطاقة تهنئة
293,Budget flowers (below - 100 qr),زهور اقتصادية (أقل من 100 ريال),6 Purple rose no-1096,6 وردة بنفسجية رقم 1096,Six elegant purple roses for a sophisticated and unique gift.,ست وردات بنفسجية أنيقة لهدية راقية وفريدة.,80,60,Greeting Card,بطاقة تهنئة
294,Budget flowers (below - 100 qr),زهور اقتصادية (أقل من 100 ريال),Fushia rose small bouquet,باقة ورد فوشيا صغيرة,A compact and cute bouquet of vibrant fuchsia roses.,باقة صغيرة ولطيفة من ورود الفوشيا الزاهية.,80,60,Greeting Card,بطاقة تهنئة
295,Budget flowers (below - 100 qr),زهور اقتصادية (أقل من 100 ريال),Pocket petals no-14,بتلات جيب رقم 14,"A charming, small bouquet of mixed petals and buds.",باقة صغيرة ساحرة من بتلات وبراعم متنوعة.,130,60,Greeting Card,بطاقة تهنئة
296,Budget flowers (below - 100 qr),زهور اقتصادية (أقل من 100 ريال),Rose budjet free,ورد اقتصادي,"An affordable, lovely mixed rose arrangement for any occasion.",تنسيق ورد مشكل واقتصادي جميل لكل المناسبات.,50,60,Greeting Card,بطاقة تهنئة
297,Budget flowers (below - 100 qr),زهور اقتصادية (أقل من 100 ريال),Rose hand bouquet cute,باقة ورد يد لطيفة,"A small, cute hand-tied bouquet of mixed flowers.",باقة يد صغيرة ولطيفة من زهور متنوعة.,60,60,Greeting Card,بطاقة تهنئة
298,Budget flowers (below - 100 qr),زهور اقتصادية (أقل من 100 ريال),Rose mix,مزيج ورد,"A beautiful, budget-friendly mix of fresh colorful roses.",مزيج جميل واقتصادي من الورود الملونة الطازجة.,60,60,Greeting Card,بطاقة تهنئة
299,Budget flowers (below - 100 qr),زهور اقتصادية (أقل من 100 ريال),Rose purple with white wrapper,ورد بنفسجي مع تغليف أبيض,Elegant purple roses presented in soft white wrapping.,ورود بنفسجية أنيقة مقدمة في تغليف أبيض ناعم.,90,60,Greeting Card,بطاقة تهنئة
300,Budget flowers (below - 100 qr),زهور اقتصادية (أقل من 100 ريال),Rose red mix,مزيج ورد أحمر,A lovely and affordable mix featuring vibrant red roses.,مزيج جميل واقتصادي يضم وروداً حمراء زاهية.,60,60,Greeting Card,بطاقة تهنئة
301,Budget flowers (below - 100 qr),زهور اقتصادية (أقل من 100 ريال),Rose reverie 18,ورد الأحلام 18,"A dreamy, small arrangement of pink and white flowers.",تنسيق صغير وحالم من الزهور الوردية والبيضاء.,50,60,Greeting Card,بطاقة تهنئة
302,Budget flowers (below - 100 qr),زهور اقتصادية (أقل من 100 ريال),Rose samll bouquet,باقة ورد صغيرة,A compact and sweet bouquet of fresh seasonal flowers.,باقة صغيرة وحلوة من زهور موسمية طازجة.,60,60,Greeting Card,بطاقة تهنئة
303,Budget flowers (below - 100 qr),زهور اقتصادية (أقل من 100 ريال),Rose white small hand bouquet,باقة يد ورد أبيض صغيرة,"A tiny, elegant bouquet of fresh white roses.",باقة صغيرة وأنيقة من الورود البيضاء الطازجة.,50,60,Greeting Card,بطاقة تهنئة
304,Budget flowers (below - 100 qr),زهور اقتصادية (أقل من 100 ريال),Rose with acc mix,باقة ورد مع إضافات متنوعة,A lovely combination of roses mixed with stylish floral accents.,مزيج جميل من الورود مع إضافات زهرية أنيقة.,50,60,Greeting Card,بطاقة تهنئة
305,Budget flowers (below - 100 qr),زهور اقتصادية (أقل من 100 ريال),Rosebud charm 13,باقة ورد روزبد ساحرة 13,"A charming, compact bouquet featuring delicate rosebuds.",باقة صغيرة وساحرة تتميز ببراعم الورد الرقيقة.,50,60,Greeting Card,بطاقة تهنئة
306,Budget flowers (below - 100 qr),زهور اقتصادية (أقل من 100 ريال),Silver glow,باقة سيلفر جلو,A radiant bouquet of white flowers presented in elegant silver-toned wrapping.,باقة متألقة من الزهور البيضاء مقدمة في تغليف أنيق باللون الفضي.,50,60,Greeting Card,بطاقة تهنئة
307,Budget flowers (below - 100 qr),زهور اقتصادية (أقل من 100 ريال),Silver reddish,باقة سيلفر ريديش,A sophisticated blend of red roses wrapped in modern silver paper.,مزيج راقٍ من الورد الأحمر مغلف بورق فضي عصري.,50,60,Greeting Card,بطاقة تهنئة
308,Budget flowers (below - 100 qr),زهور اقتصادية (أقل من 100 ريال),Simply pink,باقة سيمبلي بينك,A simple and sweet bouquet featuring soft pink roses.,باقة بسيطة وحلوة تتميز بالورود الوردية الناعمة.,40,60,Greeting Card,بطاقة تهنئة
309,Budget flowers (below - 100 qr),زهور اقتصادية (أقل من 100 ريال),Single grace,باقة سينجل جريس,"A single, elegant rose bouquet perfect for a minimalist gift.",باقة وردة واحدة أنيقة مثالية لهدية بسيطة ومميزة.,60,60,Greeting Card,بطاقة تهنئة
310,Budget flowers (below - 100 qr),زهور اقتصادية (أقل من 100 ريال),Small bloom surprise no-19,باقة مفاجأة الأزهار الصغيرة رقم 19,A delightful small bouquet featuring assorted purple surprise blooms.,باقة صغيرة ومبهجة تتميز بزهور بنفسجية متنوعة.,90,60,Greeting Card,بطاقة تهنئة
311,Budget flowers (below - 100 qr),زهور اقتصادية (أقل من 100 ريال),Small rose bouquet,باقة ورد صغيرة,A classic small bouquet of red roses for a timeless gesture.,باقة صغيرة كلاسيكية من الورد الأحمر لفتة خالدة.,50,60,Greeting Card,بطاقة تهنئة
312,Budget flowers (below - 100 qr),زهور اقتصادية (أقل من 100 ريال),Small rose mix,باقة ورد صغير مشكل,A sweet and colorful mix of roses in a compact arrangement.,مزيج حلو وملون من الورود في تنسيق صغير.,90,60,Greeting Card,بطاقة تهنئة
313,Budget flowers (below - 100 qr),زهور اقتصادية (أقل من 100 ريال),Soft serenade no-2000,باقة سوفت سيريناد رقم 2000,A gentle and romantic bouquet featuring soft pastel flowers.,باقة ناعمة ورومانسية تتميز بزهور بألوان باستيل هادئة.,120,60,Greeting Card,بطاقة تهنئة
314,Budget flowers (below - 100 qr),زهور اقتصادية (أقل من 100 ريال),Soft whisper 01,باقة سوفت ويسبر 01,A delicate bouquet designed to convey a soft and thoughtful message.,باقة رقيقة مصممة لنقل رسالة ناعمة ومدروسة.,60,60,Greeting Card,بطاقة تهنئة
315,Budget flowers (below - 100 qr),زهور اقتصادية (أقل من 100 ريال),Spring serenade 11,باقة سبرينج سيريناد 11,A fresh bouquet filled with the vibrant spirit of spring.,باقة طازجة مليئة بروح الربيع الحيوية.,50,60,Greeting Card,بطاقة تهنئة
316,Budget flowers (below - 100 qr),زهور اقتصادية (أقل من 100 ريال),Sweet hand bouquet no-12,باقة يد حلوة رقم 12,"A sweet, hand-tied bouquet featuring vibrant blue roses.",باقة يد حلوة تتميز بورد أزرق زاهٍ.,90,60,Greeting Card,بطاقة تهنئة
317,Budget flowers (below - 100 qr),زهور اقتصادية (أقل من 100 ريال),Sweet petite petals no-17,باقة بتلات صغيرة حلوة رقم 17,A dainty and small bouquet of pink roses and petals.,باقة صغيرة ورقيقة من الورد الوردي والبتلات.,70,60,Greeting Card,بطاقة تهنئة
318,Budget flowers (below - 100 qr),زهور اقتصادية (أقل من 100 ريال),The luxe box no-2010,صندوق لوكس رقم 2010,"A premium, small box arrangement of lilies and flowers.",تنسيق صغير وفاخر من الزنبق والزهور في صندوق.,160,60,Greeting Card,بطاقة تهنئة
319,Budget flowers (below - 100 qr),زهور اقتصادية (أقل من 100 ريال),Tiny bloom bouquet no-11,باقة أزهار صغيرة رقم 11,"A tiny, delicate bouquet perfect for small tokens of appreciation.",باقة صغيرة ورقيقة مثالية كهدية تقدير بسيطة.,110,60,Greeting Card,بطاقة تهنئة
320,Budget flowers (below - 100 qr),زهور اقتصادية (أقل من 100 ريال),Tiny rose delight no-16,باقة ورد صغيرة مبهجة رقم 16,A delightful tiny bouquet of fresh white roses.,باقة صغيرة ومبهجة من الورد الأبيض الطازج.,110,60,Greeting Card,بطاقة تهنئة
321,Budget flowers (below - 100 qr),زهور اقتصادية (أقل من 100 ريال),White and red rose mix,مزيج ورد أبيض وأحمر,A beautiful contrast of fresh white and red roses in a compact mix.,تباين جميل من الورد الأبيض والأحمر الطازج في مزيج صغير.,50,60,Greeting Card,بطاقة تهنئة
322,Congratulations Bouquets,بوكيه تهنئة,congrats bouquet blue color wow bouquet,بوكيه تهنئة أزرق مميز,A vibrant blue-themed bouquet with a 'Congrats' topper.,بوكيه بلمسات زرقاء زاهية مع بطاقة تهنئة.,370,60,Greeting Card,بطاقة تهنئة
323,Congratulations Bouquets,بوكيه تهنئة,congrats colorfull bouquet,بوكيه تهنئة ملون,A cheerful mix of colorful flowers for a congratulatory gift.,مزيج مبهج من الزهور الملونة لهدية تهنئة.,370,60,Greeting Card,بطاقة تهنئة
324,Congratulations Bouquets,بوكيه تهنئة,CONGRATS LILLY BOUQUET,بوكيه تهنئة زنبق,Elegant white lilies arranged for a congratulations bouquet.,زهور زنبق بيضاء أنيقة مرتبة في بوكيه تهنئة.,350,60,Greeting Card,بطاقة تهنئة
325,Congratulations Bouquets,بوكيه تهنئة,congrats mixed color bouquet,بوكيه تهنئة ألوان مشكلة,A delightful mix of various flower colors and types.,مزيج رائع من ألوان وأنواع زهور مختلفة.,370,60,Greeting Card,بطاقة تهنئة
326,Congratulations Bouquets,بوكيه تهنئة,CONGRATS PINK GOLDEN BOUQUET,بوكيه تهنئة وردي وذهبي,A luxurious bouquet featuring pink flowers with golden accents.,بوكيه فاخر يتميز بزهور وردية مع لمسات ذهبية.,360,60,Greeting Card,بطاقة تهنئة
327,Congratulations Bouquets,بوكيه تهنئة,congrats Reddish glamour bouquet,بوكيه تهنئة أحمر ساحر,A glamorous bouquet featuring rich red roses.,بوكيه ساحر يتميز بزهور الجوري الحمراء الغنية.,390,60,Greeting Card,بطاقة تهنئة
328,Congratulations Bouquets,بوكيه تهنئة,congratulation bouquet blue color awsome standing bouquet,بوكيه تهنئة أزرق واقف مميز,An impressive standing blue-themed arrangement.,تنسيق واقف رائع بلمسات زرقاء.,460,60,Greeting Card,بطاقة تهنئة
329,Congratulations Bouquets,بوكيه تهنئة,congratulation bouquet flower with baloon wow bouquet,بوكيه تهنئة بزهور وبالون مميز,A creative bouquet featuring flowers and a decorative balloon.,بوكيه إبداعي يضم زهوراً وبالوناً ديكورياً.,390,60,Greeting Card,بطاقة تهنئة
330,Congratulations Bouquets,بوكيه تهنئة,congratulation bouquet flower with baloon writing standing bouquet,بوكيه تهنئة بزهور وبالون كتابة واقف,A standing bouquet featuring flowers and a balloon with custom writing.,بوكيه واقف يضم زهوراً وبالوناً يحمل كتابة مخصصة.,370,60,Greeting Card,بطاقة تهنئة
331,Congratulations Bouquets,بوكيه تهنئة,congratulation pink and red bouquet,بوكيه تهنئة وردي وأحمر,A beautiful mix of pink and red flowers for congratulations.,مزيج جميل من الزهور الوردية والحمراء للتهنئة.,220,60,Greeting Card,بطاقة تهنئة
332,Congratulations Bouquets,بوكيه تهنئة,congratulation red color wow bouquet,بوكيه تهنئة لون أحمر مميز,A stunning arrangement of red-themed flowers.,تنسيق مذهل من الزهور ذات الطابع الأحمر.,200,60,Greeting Card,بطاقة تهنئة
333,Congratulations Bouquets,بوكيه تهنئة,congratulation Red rose bouquet,بوكيه تهنئة ورد أحمر,A classic bouquet of red roses for a celebratory gesture.,بوكيه كلاسيكي من زهور الجوري الأحمر لمناسبة احتفالية.,220,60,Greeting Card,بطاقة تهنئة
334,Congratulations Bouquets,بوكيه تهنئة,congratulation special red rose arrangement,تنسيق تهنئة خاص ورد أحمر,A special arrangement featuring elegant red roses.,تنسيق خاص يتميز بزهور الجوري الأحمر الأنيقة.,530,60,Greeting Card,بطاقة تهنئة
335,Congratulations Bouquets,بوكيه تهنئة,congratulation stylish bouquet,بوكيه تهنئة أنيق,A modern and stylish bouquet for congratulations.,بوكيه عصري وأنيق للتهنئة.,360,60,Greeting Card,بطاقة تهنئة
336,Congratulations Bouquets,بوكيه تهنئة,CONGRATULATIONS WONDERFULL BOUQUET,بوكيه تهنئة رائع,A wonderful and grand congratulatory bouquet.,بوكيه تهنئة رائع وكبير.,420,60,Greeting Card,بطاقة تهنئة
337,Congratulations Bouquets,بوكيه تهنئة,pinkish congratulation bouquet,بوكيه تهنئة وردي,A delicate and pretty pink-toned congratulatory bouquet.,بوكيه تهنئة رقيق وجميل بدرجات اللون الوردي.,330,60,Greeting Card,بطاقة تهنئة
338,EID AL ADA SPECIAL,خاص عيد الأضحى,10 WHITE LILY NO-1023,10 زنبق أبيض رقم 1023,A classic arrangement of 10 premium white lilies.,تنسيق كلاسيكي من 10 زنابق بيضاء فاخرة.,300,60,Greeting Card,بطاقة تهنئة
339,EID AL ADA SPECIAL,خاص عيد الأضحى,eid al adha special cake with pink and peach flowers bouquet,كيك عيد الأضحى الخاص مع بوكيه زهور وردية وخوخية,Special Eid cake paired with a delicate pink and peach bouquet.,كيك عيد خاص مع بوكيه رقيق بألوان وردية وخوخية.,380,60,Greeting Card,بطاقة تهنئة
340,EID AL ADA SPECIAL,خاص عيد الأضحى,eid al adha special cake with red white golden bouquet,كيك عيد الأضحى الخاص مع بوكيه أحمر وأبيض وذهبي,"Festive Eid cake with a grand red, white, and golden bouquet.",كيك عيد احتفالي مع بوكيه كبير بألوان الأحمر والأبيض والذهبي.,380,60,Greeting Card,بطاقة تهنئة
341,EID AL ADA SPECIAL,خاص عيد الأضحى,eid arrangement money box with white tulips and gerberas,تنسيق عيد صندوق هدايا مع توليب أبيض وجربيرا,A decorative money box arranged with white tulips and gerberas.,صندوق هدايا ديكوري مرتب مع زهور التوليب البيضاء والجربيرا.,290,60,Greeting Card,بطاقة تهنئة
342,EID AL ADA SPECIAL,خاص عيد الأضحى,eid day special arrangement,تنسيق عيد خاص,A premium floral arrangement designed specifically for Eid Day.,تنسيق زهور فاخر مصمم خصيصاً ليوم العيد.,640,60,Greeting Card,بطاقة تهنئة
343,EID AL ADA SPECIAL,خاص عيد الأضحى,Eid goat theme cake with red whitish bouquet,كيك بطابع خروف العيد مع بوكيه أحمر وأبيض,Eid goat-themed cake paired with a matching red and whitish bouquet.,كيك بطابع خروف العيد مع بوكيه متناسق باللونين الأحمر والأبيض.,380,60,Greeting Card,بطاقة تهنئة
344,EID AL ADA SPECIAL,خاص عيد الأضحى,EID MUBARAK LUXURY RED ROSE VASE ARRANGEMENT,تنسيق فازة ورد أحمر فاخر عيد مبارك,"Luxury red roses in a vase, perfect for Eid Mubarak celebrations.",ورد أحمر فاخر في فازة، مثالي لاحتفالات عيد مبارك.,540,60,Greeting Card,بطاقة تهنئة
345,EID AL ADA SPECIAL,خاص عيد الأضحى,EID MUBARAK PINK AND FUCHIA ROSE MIX BOUQUET,بوكيه مبروك وردي وفوشيا,A vibrant mix of pink and fuchsia roses in a bouquet.,مزيج حيوي من الورد الوردي والفوشيا في بوكيه.,220,60,Greeting Card,بطاقة تهنئة
346,EID AL ADA SPECIAL,خاص عيد الأضحى,EID MUBARAK PREMIUM BOX LILLY MIX FLOWER ARRANGEMENT,صندوق فاخر زنابق وزهور مشكلة عيد مبارك,Premium box featuring lilies and mixed flowers.,صندوق فاخر يحتوي على زنابق وزهور مشكلة.,370,60,Greeting Card,بطاقة تهنئة
347,EID AL ADA SPECIAL,خاص عيد الأضحى,EID MUBARAK PREMIUM BOX MIXED FLOWER ARRANGEMENT,صندوق فاخر زهور مشكلة عيد مبارك,Premium box with a lush mix of various celebratory flowers.,صندوق فاخر مع مزيج كثيف من زهور الاحتفال المتنوعة.,370,60,Greeting Card,بطاقة تهنئة
348,EID AL ADA SPECIAL,خاص عيد الأضحى,EID MUBARAK PREMIUM BOX PEACH ARRANGEMENT,صندوق فاخر ألوان خوخية عيد مبارك,Elegant premium box arrangement in soft peach tones.,تنسيق صندوق فاخر أنيق بألوان خوخية ناعمة.,370,60,Greeting Card,بطاقة تهنئة
349,EID AL ADA SPECIAL,خاص عيد الأضحى,EID MUBARAK PREMIUM BOX RED ARRANGEMENT,صندوق فاخر أحمر عيد مبارك,Bold red floral arrangement in a premium gift box.,تنسيق زهور أحمر جريء في صندوق هدايا فاخر.,370,60,Greeting Card,بطاقة تهنئة
350,EID AL ADA SPECIAL,خاص عيد الأضحى,EID MUBARAK PREMIUM BOX TULIP MIX FLOWER ARRANGEMENT,صندوق فاخر توليب وزهور مشكلة عيد مبارك,Premium box featuring tulips and a variety of mixed flowers.,صندوق فاخر يضم زهور التوليب ومجموعة من الزهور المشكلة.,370,60,Greeting Card,بطاقة تهنئة
351,EID AL ADA SPECIAL,خاص عيد الأضحى,EID MUBARAK PREMIUM BOX WHITE PEARL ARRANGEMENT,صندوق فاخر لؤلؤي أبيض عيد مبارك,A white pearl-themed premium box arrangement.,تنسيق صندوق فاخر بطابع اللؤلؤ الأبيض.,370,60,Greeting Card,بطاقة تهنئة
352,EID AL ADA SPECIAL,خاص عيد الأضحى,EID MUBARAK PREMIUM BOX WHITE TULIP ARRANGEMENT,صندوق فاخر توليب أبيض عيد مبارك,Premium box with elegant white tulips.,صندوق فاخر مع زهور توليب بيضاء أنيقة.,370,60,Greeting Card,بطاقة تهنئة
353,EID AL ADA SPECIAL,خاص عيد الأضحى,EID MUBARAK PREMIUM BOX YELLOW ARRANGEMENT,صندوق فاخر أصفر عيد مبارك,Bright yellow premium box floral arrangement.,تنسيق زهور صندوق فاخر باللون الأصفر الزاهي.,270,60,Greeting Card,بطاقة تهنئة
354,EID AL ADA SPECIAL,خاص عيد الأضحى,EID MUBARAK PREMIUM VASE ARRANGEMENT,تنسيق فازة فاخر عيد مبارك,A luxury vase arrangement for festive celebrations.,تنسيق فازة فاخر لاحتفالات العيد.,320,60,Greeting Card,بطاقة تهنئة
355,EID AL ADA SPECIAL,خاص عيد الأضحى,EID MUBARAK SPECIAL ARRANGEMENT 04,تنسيق خاص عيد مبارك 04,A special curated arrangement for Eid Mubarak 04.,تنسيق خاص منسق لعيد مبارك 04.,370,60,Greeting Card,بطاقة تهنئة
356,EID AL ADA SPECIAL,خاص عيد الأضحى,EID MUBARAK SPECIAL ARRANGEMENT WHITE AND PURPLE MIX BOUQUET,تنسيق خاص عيد مبارك أبيض وبنفسجي,A mix of white and purple flowers for a special Eid bouquet.,مزيج من الزهور البيضاء والبنفسجية لباقة عيد خاصة.,370,60,Greeting Card,بطاقة تهنئة
357,EID AL ADA SPECIAL,خاص عيد الأضحى,EID MUBARAK SPECIAL BLACK MIXED COLORFULL BOUQUET,تنسيق خاص عيد مبارك أسود ملون,A stylish black-themed bouquet with colorful mixed flowers.,بوكيه أنيق بطابع أسود مع زهور ملونة مشكلة.,370,60,Greeting Card,بطاقة تهنئة
358,EID AL ADA SPECIAL,خاص عيد الأضحى,EID MUBARAK SPECIAL FUCHIA AND GOLDEN BOUQUET,تنسيق خاص عيد مبارك فوشيا وذهبي,A premium fuchsia and golden themed bouquet.,بوكيه فاخر بطابع الفوشيا والذهبي.,370,60,Greeting Card,بطاقة تهنئة
359,EID AL ADA SPECIAL,خاص عيد الأضحى,EID MUBARAK SPECIAL LILLY BOUQUET,باقة زنبق خاصة عيد مبارك,Elegant white lilies bouquet for Eid celebrations.,باقة زنابق بيضاء أنيقة لاحتفالات العيد.,370,60,Greeting Card,بطاقة تهنئة
360,EID AL ADA SPECIAL,خاص عيد الأضحى,EID MUBARAK SPECIAL LILLY VASE ARRANGEMENT,تنسيق فازة زنبق خاص عيد مبارك,Premium white lilies in a sophisticated vase.,زنابق بيضاء فاخرة في فازة أنيقة.,340,60,Greeting Card,بطاقة تهنئة
361,EID AL ADA SPECIAL,خاص عيد الأضحى,EID MUBARAK SPECIAL PINK BOUQUET,باقة وردي خاصة عيد مبارك,Charming pink flower bouquet for a special Eid gift.,باقة زهور وردية ساحرة كهدية عيد مميزة.,370,60,Greeting Card,بطاقة تهنئة
362,EID AL ADA SPECIAL,خاص عيد الأضحى,EID MUBARAK SPECIAL PINKISH WHITE BOUQUET,باقة وردي وأبيض خاصة عيد مبارك,Beautiful mix of pink and white flowers for Eid.,مزيج جميل من الزهور الوردية والبيضاء للعيد.,370,60,Greeting Card,بطاقة تهنئة
363,EID AL ADA SPECIAL,خاص عيد الأضحى,EID MUBARAK SPECIAL RED ROSE ARRANGEMENT,تنسيق ورد أحمر خاص عيد مبارك,Luxurious red rose arrangement for Eid celebrations.,تنسيق ورد أحمر فاخر لاحتفالات العيد.,360,60,Greeting Card,بطاقة تهنئة
364,EID AL ADA SPECIAL,خاص عيد الأضحى,EID MUBARAK SPECIAL RED ROSE BOUQUET,باقة ورد أحمر خاصة عيد مبارك,Classic red rose bouquet to celebrate Eid.,باقة ورد أحمر كلاسيكية للاحتفال بالعيد.,220,60,Greeting Card,بطاقة تهنئة
365,EID AL ADA SPECIAL,خاص عيد الأضحى,EID MUBARAK SPECIAL TULIP MIX ARRANGEMENT,تنسيق توليب مشكل خاص عيد مبارك,Premium mix of tulip flowers for a special Eid gift.,مزيج فاخر من زهور التوليب لهدية عيد مميزة.,380,60,Greeting Card,بطاقة تهنئة
366,EID AL ADA SPECIAL,خاص عيد الأضحى,EID MUBARAK SPECIAL VASE 01,فازة خاصة عيد مبارك 01,Exclusive floral arrangement in a stylish vase.,تنسيق زهور حصري في فازة أنيقة.,290,60,Greeting Card,بطاقة تهنئة
367,EID AL ADA SPECIAL,خاص عيد الأضحى,Eid mubarak special vase 02,فازة خاصة عيد مبارك 02,Elegant vase arrangement for Eid festive decor.,تنسيق فازة أنيق لديكور احتفالات العيد.,580,60,Greeting Card,بطاقة تهنئة
368,EID AL ADA SPECIAL,خاص عيد الأضحى,Eid mubarak special vase 03,فازة خاصة عيد مبارك 03,Sophisticated floral display in a premium vase.,عرض زهور راقٍ في فازة فاخرة.,470,60,Greeting Card,بطاقة تهنئة
369,EID AL ADA SPECIAL,خاص عيد الأضحى,Eid mubarak special vase arrangement 05,تنسيق فازة خاص عيد مبارك 05,Beautiful table arrangement in a special vase.,تنسيق طاولة جميل في فازة خاصة.,410,60,Greeting Card,بطاقة تهنئة
370,EID AL ADA SPECIAL,خاص عيد الأضحى,EID MUBARAK SPECIAL VASE ARRANGEMENT 06,تنسيق فازة خاص عيد مبارك 06,"Premium floral arrangement, perfect for Eid centerpiece.",تنسيق زهور فاخر، مثالي لقطعة مركزية للعيد.,360,60,Greeting Card,بطاقة تهنئة
371,EID AL ADA SPECIAL,خاص عيد الأضحى,EID MUBARAK SPECIAL WHITE ARRANGEMENT,تنسيق أبيض خاص عيد مبارك,Clean and white floral arrangement for Eid.,تنسيق زهور أبيض نقي للعيد.,380,60,Greeting Card,بطاقة تهنئة
372,EID AL ADA SPECIAL,خاص عيد الأضحى,EID MUBARAK SPECIAL WHITE HEAVEN BOUQUET,باقة الجنة البيضاء خاصة عيد مبارك,An ethereal bouquet of all-white flowers.,باقة ساحرة من الزهور البيضاء بالكامل.,370,60,Greeting Card,بطاقة تهنئة
373,EID AL ADA SPECIAL,خاص عيد الأضحى,EID MUBARAK SPECIAL WHITE THEMED GOLDEN BOUQUET,باقة ذهبية بطابع أبيض خاصة عيد مبارك,Elegant white-themed bouquet with golden accents.,باقة أنيقة بطابع أبيض مع لمسات ذهبية.,370,60,Greeting Card,بطاقة تهنئة
374,EID AL ADA SPECIAL,خاص عيد الأضحى,EID MUBARAK VASE ARRANGEMENT 06,تنسيق فازة عيد مبارك 06,A versatile floral vase arrangement for Eid.,تنسيق فازة زهور متنوع للعيد.,310,60,Greeting Card,بطاقة تهنئة
375,EID AL ADA SPECIAL,خاص عيد الأضحى,EID MUBARAK WHITE AND BLACK THEME BOUQUET,باقة بطابع أبيض وأسود عيد مبارك,Stylish bouquet with a modern black and white theme.,باقة أنيقة بطابع أسود وأبيض عصري.,370,60,Greeting Card,بطاقة تهنئة
376,EID AL ADA SPECIAL,خاص عيد الأضحى,EID MUBARAK WHITE AND YELLOW SPECIAL BOUQUET,باقة أبيض وأصفر خاصة عيد مبارك,Cheerful bouquet featuring white and yellow flowers.,باقة مبهجة تضم زهوراً بيضاء وصفراء.,370,60,Greeting Card,بطاقة تهنئة
377,EID AL ADA SPECIAL,خاص عيد الأضحى,EID MUBARAK WHITE BEAUTY SWEET BOUQUET,باقة الجمال الأبيض الحلوة عيد مبارك,A sweet and beautiful bouquet of white blooms.,باقة حلوة وجميلة من الزهور البيضاء.,290,60,Greeting Card,بطاقة تهنئة
378,EID AL ADA SPECIAL,خاص عيد الأضحى,eid special basket arrangement,تنسيق سلة خاص عيد,Floral arrangement presented in a decorative basket.,تنسيق زهور يقدم في سلة ديكورية.,280,60,Greeting Card,بطاقة تهنئة
379,EID AL ADA SPECIAL,خاص عيد الأضحى,eid special bloom arrangement,تنسيق زهور خاص عيد,A vibrant bloom arrangement for Eid celebrations.,تنسيق زهور زاهٍ لاحتفالات العيد.,90,60,Greeting Card,بطاقة تهنئة
380,EID AL ADA SPECIAL,خاص عيد الأضحى,eid special blue themed cake with fresh flower bouquet,كيك بطابع أزرق خاص بالعيد مع بوكيه زهور طازجة,"A thematic blue cake paired with a fresh, vibrant flower bouquet.",كيك ذو طابع أزرق يرافقه بوكيه زهور طازجة وزاهية.,350,60,Greeting Card,بطاقة تهنئة
381,EID AL ADA SPECIAL,خاص عيد الأضحى,eid special butterfly bag arrangement,تنسيق حقيبة الفراشة الخاص بالعيد,A decorative bag arrangement featuring floral elements and butterfly accents.,تنسيق حقيبة ديكوري يتميز بعناصر زهور ولمسات فراشة.,220,60,Greeting Card,بطاقة تهنئة
382,EID AL ADA SPECIAL,خاص عيد الأضحى,eid special cake with sweet pink flowe bouquet,كيك خاص بالعيد مع بوكيه زهور وردية حلوة,A festive cake accompanied by a bouquet of sweet pink flowers.,كيك احتفالي يرافقه بوكيه من الزهور الوردية الجميلة.,380,60,Greeting Card,بطاقة تهنئة
383,EID AL ADA SPECIAL,خاص عيد الأضحى,eid special cake with wow flower bouquet,كيك خاص بالعيد مع بوكيه زهور رائع,A stunning cake paired with an impressive 'wow' floral arrangement.,كيك مذهل يرافقه تنسيق زهور مبهر.,390,60,Greeting Card,بطاقة تهنئة
384,EID AL ADA SPECIAL,خاص عيد الأضحى,Eid special luxury floral arrangement,تنسيق زهور فاخر خاص بالعيد,A luxurious and high-end floral centerpiece for Eid.,تنسيق زهور فاخر وراقٍ كقطعة مركزية للعيد.,530,60,Greeting Card,بطاقة تهنئة
385,EID AL ADA SPECIAL,خاص عيد الأضحى,eid special mix flower vase,فازة زهور مشكلة خاصة بالعيد,A beautiful mix of flowers arranged in a stylish vase.,مزيج جميل من الزهور مرتبة في فازة أنيقة.,410,60,Greeting Card,بطاقة تهنئة
386,EID AL ADA SPECIAL,خاص عيد الأضحى,eid special money box with beautifull flower arrangement,صندوق هدايا نقود خاص بالعيد مع تنسيق زهور جميل,A money gift box adorned with a beautiful floral arrangement.,صندوق هدايا نقود مزين بتنسيق زهور جميل.,290,60,Greeting Card,بطاقة تهنئة
387,EID AL ADA SPECIAL,خاص عيد الأضحى,eid special money box with pink gerabera arrangement,صندوق هدايا نقود خاص بالعيد مع تنسيق جربيرا وردي,Money gift box decorated with bright pink gerbera daisies.,صندوق هدايا نقود مزين بزهور الجربيرا الوردية الزاهية.,220,60,Greeting Card,بطاقة تهنئة
388,EID AL ADA SPECIAL,خاص عيد الأضحى,Eid special only pink bouquet,بوكيه وردي فقط خاص بالعيد,A classic bouquet featuring an all-pink floral selection.,بوكيه كلاسيكي يتميز بتشكيلة زهور وردية بالكامل.,370,60,Greeting Card,بطاقة تهنئة
389,EID AL ADA SPECIAL,خاص عيد الأضحى,EID SPECIAL PEACH AND PINK MIX FLOWER NO-1097,بوكيه زهور مشكلة خوخي ووردي رقم 1097,A beautiful mix of peach and pink flowers.,مزيج جميل من الزهور بألوان خوخية ووردية.,370,60,Greeting Card,بطاقة تهنئة
390,EID AL ADA SPECIAL,خاص عيد الأضحى,eid special pink and fuchia arrangement,تنسيق وردي وفوشيا خاص بالعيد,A vibrant floral arrangement in shades of pink and fuchsia.,تنسيق زهور حيوي بدرجات الوردي والفوشيا.,380,60,Greeting Card,بطاقة تهنئة
391,EID AL ADA SPECIAL,خاص عيد الأضحى,eid special pink pearl arrangement,تنسيق لؤلؤي وردي خاص بالعيد,Floral arrangement with a delicate pink and pearl-like aesthetic.,تنسيق زهور بجمالية وردية رقيقة شبيهة باللؤلؤ.,430,60,Greeting Card,بطاقة تهنئة
392,EID AL ADA SPECIAL,خاص عيد الأضحى,Eid special pink wow bouquet,بوكيه وردي رائع خاص بالعيد,An impressive and striking bouquet of pink flowers.,بوكيه مبهر وملفت من الزهور الوردية.,370,60,Greeting Card,بطاقة تهنئة
393,EID AL ADA SPECIAL,خاص عيد الأضحى,eid special red flowers with white basket,زهور حمراء خاصة بالعيد مع سلة بيضاء,Vibrant red flowers presented in an elegant white basket.,زهور حمراء زاهية مقدمة في سلة بيضاء أنيقة.,290,60,Greeting Card,بطاقة تهنئة
394,EID AL ADA SPECIAL,خاص عيد الأضحى,Eid special red roses party bouquet NO-2004,بوكيه ورد أحمر للحفلات خاص بالعيد رقم 2004,A party-ready bouquet of deep red roses.,بوكيه جاهز للحفلات من زهور الورد الأحمر الغني.,550,60,Greeting Card,بطاقة تهنئة
395,EID AL ADA SPECIAL,خاص عيد الأضحى,eid special simple vase arrangement,تنسيق فازة بسيط خاص بالعيد,A clean and minimalist floral arrangement in a simple vase.,تنسيق زهور بسيط وأنيق في فازة بسيطة.,170,60,Greeting Card,بطاقة تهنئة
396,EID AL ADA SPECIAL,خاص عيد الأضحى,eid special Tulips,توليب خاص بالعيد,A fresh and elegant bouquet of tulips.,باقة توليب طازجة وأنيقة.,220,60,Greeting Card,بطاقة تهنئة
397,EID AL ADA SPECIAL,خاص عيد الأضحى,eid special white and green arrangement,تنسيق أبيض وأخضر خاص بالعيد,Fresh white flowers accented with lush greenery.,زهور بيضاء طازجة مع لمسات من الخضرة الكثيفة.,380,60,Greeting Card,بطاقة تهنئة
398,EID AL ADA SPECIAL,خاص عيد الأضحى,eid special white and mix bouquet,بوكيه أبيض ومشكل خاص بالعيد,A mix of white and assorted flowers.,مزيج من الزهور البيضاء والمتنوعة.,330,60,Greeting Card,بطاقة تهنئة
399,EID AL ADA SPECIAL,خاص عيد الأضحى,eid special white and purple bouquet,بوكيه أبيض وبنفسجي خاص بالعيد,Elegant white and purple floral bouquet.,باقة زهور أنيقة باللونين الأبيض والبنفسجي.,350,60,Greeting Card,بطاقة تهنئة
400,EID AL ADA SPECIAL,خاص عيد الأضحى,eid special white beauty bouquet,بوكيه الجمال الأبيض خاص بالعيد,A beautiful bouquet showcasing pure white blooms.,باقة جميلة تبرز الزهور البيضاء النقية.,380,60,Greeting Card,بطاقة تهنئة
401,EID AL ADA SPECIAL,خاص عيد الأضحى,eid special white lilly cala and gerbera arrangement,تنسيق عيد خاص زنبق كالا وجربيرا أبيض,"Elegant white arrangement featuring lilly, cala, and gerbera.",تنسيق أبيض أنيق يضم زنابق وكالا وجربيرا.,350,60,Greeting Card,بطاقة تهنئة
402,EID AL ADA SPECIAL,خاص عيد الأضحى,"EID WHITE BOUQUET WHITE ROSE10, 10 WHITE TULIP & 10 BABY ROSE NO-1008",باقة عيد بيضاء 10 ورد أبيض، 10 توليب أبيض و10 بيبي روز رقم 1008,"A mixed bouquet of white roses, tulips, and baby roses.",باقة مشكلة من الورد الأبيض، التوليب، والبيبي روز.,630,60,Greeting Card,بطاقة تهنئة
403,EID AL ADA SPECIAL,خاص عيد الأضحى,pink bunch of lilly,باقة زنبق وردي,A vibrant bunch of pink lilly flowers.,باقة زاهية من زهور الزنبق الوردي.,300,60,Greeting Card,بطاقة تهنئة
404,EID AL ADA SPECIAL,خاص عيد الأضحى,purple tulip with vase,توليب بنفسجي مع فازة,Sophisticated purple tulips presented in a vase.,توليب بنفسجي راقٍ مقدم في فازة.,220,60,Greeting Card,بطاقة تهنئة
405,EID AL ADA SPECIAL,خاص عيد الأضحى,SILENT LUXURY NO-630,فخامة هادئة رقم 630,A luxury floral arrangement titled Silent Luxury.,تنسيق زهور فاخر بعنوان فخامة هادئة.,440,60,Greeting Card,بطاقة تهنئة
406,EID AL ADA SPECIAL,خاص عيد الأضحى,SOPHISTICATED SPLENDOR NO-629,بهاء راقٍ رقم 629,A sophisticated floral display for special occasions.,عرض زهور راقٍ للمناسبات الخاصة.,410,60,Greeting Card,بطاقة تهنئة
407,EID AL ADA SPECIAL,خاص عيد الأضحى,STANDING BOUQUET WITH CUTE RED ROSES NO-1034,باقة واقفة مع ورد أحمر جذاب رقم 1034,A standing bouquet featuring cute red roses.,باقة واقفة تضم ورد أحمر جذاب.,260,60,Greeting Card,بطاقة تهنئة
408,EID AL ADA SPECIAL,خاص عيد الأضحى,THE PASSION MIX FLOWERS NO-1035,مزيج زهور الشغف رقم 1035,A passionate mix of flowers for festive celebrations.,مزيج زهور مليء بالشغف لاحتفالات العيد.,330,60,Greeting Card,بطاقة تهنئة
409,EID AL ADA SPECIAL,خاص عيد الأضحى,white tulip bunch flowers,باقة زهور توليب أبيض,A simple and elegant bunch of white tulips.,باقة بسيطة وأنيقة من زهور التوليب البيضاء.,250,60,Greeting Card,بطاقة تهنئة
410,EID SPECIAL SPECIAL,خاص العيد,CALA LILLY BOUQUET NO-631,باقة زنبق كالا رقم 631,Elegant white Cala lilies in a sophisticated arrangement.,زنبق كالا أبيض أنيق في تنسيق راقٍ.,320,60,Greeting Card,بطاقة تهنئة
411,EID SPECIAL SPECIAL,خاص العيد,EID SPECIAL MIX FLOWERS HAND BOUQUET NO-1029,باقة يد زهور مشكلة خاصة بالعيد رقم 1029,A vibrant hand bouquet featuring a mix of seasonal flowers.,باقة يد زاهية تضم مزيجاً من الزهور الموسمية.,490,60,Greeting Card,بطاقة تهنئة
412,EID SPECIAL SPECIAL,خاص العيد,EID SPECIAL NO.204,خاص العيد رقم 204,A festive floral arrangement curated for Eid.,تنسيق زهور احتفالي مخصص للعيد.,290,60,Greeting Card,بطاقة تهنئة
413,EID SPECIAL SPECIAL,خاص العيد,EID SPECIAL PINK ARRANGEMENTS No.209,تنسيقات وردية خاصة بالعيد رقم 209,A beautiful collection of pink-themed floral arrangements.,مجموعة جميلة من تنسيقات الزهور ذات الطابع الوردي.,260,60,Greeting Card,بطاقة تهنئة
414,EID SPECIAL SPECIAL,خاص العيد,EID SPECIAL PINK MIXED ARRANGEMENT NO-657,تنسيق وردي مشكل خاص بالعيد رقم 657,A lovely mix of pink flowers in a decorative arrangement.,مزيج جميل من الزهور الوردية في تنسيق ديكوري.,650,60,Greeting Card,بطاقة تهنئة
415,EID SPECIAL SPECIAL,خاص العيد,EID SPECIAL A Golden Hour Glow No 206,خاص العيد توهج الساعة الذهبية رقم 206,Radiant floral arrangement inspired by the golden hour.,تنسيق زهور مشرق مستوحى من ألوان الساعة الذهبية.,590,60,Greeting Card,بطاقة تهنئة
416,EID SPECIAL SPECIAL,خاص العيد,EID SPECIAL ARRANGEMENT Eternal Noor No.201,تنسيق خاص بالعيد النور الأبدي رقم 201,A serene and elegant arrangement titled Eternal Noor.,تنسيق هادئ وأنيق بعنوان النور الأبدي.,300,60,Greeting Card,بطاقة تهنئة
417,EID SPECIAL SPECIAL,خاص العيد,EID SPECIAL ARRANGEMENT GREEN AND WHITE FLOWERS No.316,تنسيق خاص بالعيد زهور خضراء وبيضاء رقم 316,Fresh green and white floral arrangement.,تنسيق زهور منعش بالألوان الأخضر والأبيض.,280,60,Greeting Card,بطاقة تهنئة
418,EID SPECIAL SPECIAL,خاص العيد,EID SPECIAL BEAUTIFUL VASE No.205,فازة جميلة خاصة بالعيد رقم 205,A stunning floral display in a beautiful vase.,عرض زهور مذهل في فازة جميلة.,420,60,Greeting Card,بطاقة تهنئة
419,EID SPECIAL SPECIAL,خاص العيد,EID SPECIAL BLUE AND WHITE ARRANGEMENT,تنسيق أزرق وأبيض خاص بالعيد,Sophisticated blue and white floral arrangement.,تنسيق زهور راقٍ بالألوان الأزرق والأبيض.,260,60,Greeting Card,بطاقة تهنئة
420,EID SPECIAL SPECIAL,خاص العيد,EID SPECIAL BLUE AND WHITE BOUQUET NO-2011,باقة زرقاء وبيضاء خاصة بالعيد رقم 2011,Classic blue and white themed bouquet.,باقة كلاسيكية بطابع اللونين الأزرق والأبيض.,320,60,Greeting Card,بطاقة تهنئة
421,EID SPECIAL SPECIAL,خاص العيد,EID SPECIAL BUNCH YELLOW FLOWERS No.219,باقة زهور صفراء خاصة بالعيد رقم 219,Cheerful bunch of bright yellow flowers.,باقة مبهجة من الزهور الصفراء الزاهية.,390,60,Greeting Card,بطاقة تهنئة
422,EID SPECIAL SPECIAL,خاص العيد,EID SPECIAL FLOWER WITH BLACK BOX ARRANGEMENT NO.214,تنسيق زهور في صندوق أسود خاص بالعيد رقم 214,Chic floral arrangement presented in a black box.,تنسيق زهور أنيق مقدم في صندوق أسود.,470,60,Greeting Card,بطاقة تهنئة
423,EID SPECIAL SPECIAL,خاص العيد,EID SPECIAL FUCHIA BOUQUET NO-2005,باقة فوشيا خاصة بالعيد رقم 2005,Vibrant fuchsia bouquet for a festive gift.,باقة فوشيا زاهية كهدية احتفالية.,120,60,Greeting Card,بطاقة تهنئة
424,EID SPECIAL SPECIAL,خاص العيد,EID SPECIAL GERBERA ARRANGEMENT NO-621,تنسيق جربيرا خاص بالعيد رقم 621,Bright gerbera daisy arrangement for Eid.,تنسيق زهور الجربيرا الزاهية للعيد.,240,60,Greeting Card,بطاقة تهنئة
425,EID SPECIAL SPECIAL,خاص العيد,EID SPECIAL GERBERA ARRANGEMENT NO-602,تنسيق جربيرا خاص بالعيد رقم 602,Classic gerbera daisy arrangement.,تنسيق زهور الجربيرا الكلاسيكي.,260,60,Greeting Card,بطاقة تهنئة
426,EID SPECIAL SPECIAL,خاص العيد,EID SPECIAL GERBERA TALLER ARRANGEMENT NO-652,تنسيق جربيرا طويل خاص بالعيد رقم 652,"A taller, elegant gerbera arrangement.",تنسيق زهور جربيرا طويل وأنيق.,280,60,Greeting Card,بطاقة تهنئة
427,EID SPECIAL SPECIAL,خاص العيد,EID SPECIAL GOLDEN FLOWER BOUQUET NO-1022,باقة زهور ذهبية خاصة بالعيد رقم 1022,Luxury bouquet with golden flower accents.,باقة فاخرة مع لمسات زهور ذهبية.,550,60,Greeting Card,بطاقة تهنئة
428,EID SPECIAL SPECIAL,خاص العيد,EID SPECIAL GREEN AND FUCHIA COLOUR WOW ARRANGEMENT NO-615,تنسيق ألوان أخضر وفوشيا رائع خاص بالعيد رقم 615,Stunning green and fuchsia arrangement.,تنسيق رائع بالألوان الأخضر والفوشيا.,320,60,Greeting Card,بطاقة تهنئة
429,EID SPECIAL SPECIAL,خاص العيد,EID SPECIAL GREEN AND WHITE MIX VASE,فازة مشكلة أخضر وأبيض خاصة بالعيد,A fresh mix of green and white flowers in a vase.,مزيج منعش من الزهور الخضراء والبيضاء في فازة.,470,60,Greeting Card,بطاقة تهنئة
430,EID SPECIAL SPECIAL,خاص العيد,EID SPECIAL GREEN ARRANGEMENT 02,تنسيق زهور العيد المميز باللون الأخضر 02,"A fresh and elegant floral arrangement featuring white gerberas, lilies, and lush green foliage in a white vase, perfectly curated for Eid celebrations.",تنسيق زهور طازج وأنيق يضم زهور الجيربيرا البيضاء، والزنبق، وأوراق الشجر الخضراء الكثيفة في مزهرية بيضاء، مصمم خصيصاً لاحتفالات العيد.,290,,,
431,EID SPECIAL SPECIAL,خاص العيد,EID SPECIAL LILLY AND MIX FLOWER BOX ARRANGEMENT NO-613,تنسيق صندوق زنابق وزهور مشكلة خاص بالعيد رقم 613,Premium box with lilies and mixed flowers.,صندوق فاخر يحتوي على زنابق وزهور مشكلة.,390,60,Greeting Card,بطاقة تهنئة
432,EID SPECIAL SPECIAL,خاص العيد,EID SPECIAL LILLY ARRANGEMENT NO-605,تنسيق زنابق خاص بالعيد رقم 605,Elegant lily arrangement for festive decor.,تنسيق زنابق أنيق لديكور احتفالي.,250,60,Greeting Card,بطاقة تهنئة
433,EID SPECIAL SPECIAL,خاص العيد,EID SPECIAL LILLY BOUQUET NO-654,باقة زنابق خاصة بالعيد رقم 654,A fresh bouquet of lilies for Eid.,باقة زنابق طازجة للعيد.,350,60,Greeting Card,بطاقة تهنئة
434,EID SPECIAL SPECIAL,خاص العيد,EID SPECIAL LILLY WOW BOUQUET NO-2003,باقة زنابق عيد خاصة رائعة رقم 2003,A spectacular bouquet of fresh white lilies.,باقة مذهلة من زهور الزنبق الأبيض الطازجة.,240,60,Greeting Card,بطاقة تهنئة
435,EID SPECIAL SPECIAL,خاص العيد,EID SPECIAL MIXED ARRANGEMENT,تنسيق مشكل خاص بالعيد,A vibrant mix of various seasonal flowers.,مزيج زاهٍ من الزهور الموسمية المتنوعة.,390,60,Greeting Card,بطاقة تهنئة
436,EID SPECIAL SPECIAL,خاص العيد,EID SPECIAL PINK AND GREEN GARDEN ARRANGEMENT,تنسيق حديقة وردي وأخضر خاص بالعيد,A garden-themed arrangement with pink blooms and lush greenery.,تنسيق بطابع الحديقة مع زهور وردية وخضرة كثيفة.,240,60,Greeting Card,بطاقة تهنئة
437,EID SPECIAL SPECIAL,خاص العيد,EID SPECIAL PINK AND PURPLE STANDING BOUQUET NO-2001,باقة واقفة وردي وبنفسجي خاصة بالعيد رقم 2001,Elegant standing bouquet in pink and purple tones.,باقة واقفة أنيقة بدرجات اللون الوردي والبنفسجي.,340,60,Greeting Card,بطاقة تهنئة
438,EID SPECIAL SPECIAL,خاص العيد,EID SPECIAL PINK AND WHITE MODEL ARRANGEMENT NO-658,تنسيق وردي وأبيض خاص بالعيد رقم 658,A sophisticated pink and white floral model arrangement.,تنسيق زهور راقٍ باللونين الوردي والأبيض.,290,60,Greeting Card,بطاقة تهنئة
439,EID SPECIAL SPECIAL,خاص العيد,EID SPECIAL PINK BOX ARRANGEMENT NO-651,تنسيق صندوق وردي خاص بالعيد رقم 651,Beautiful pink flowers presented in a gift box.,زهور وردية جميلة مقدمة في صندوق هدايا.,460,60,Greeting Card,بطاقة تهنئة
440,EID SPECIAL SPECIAL,خاص العيد,EID SPECIAL PINKISH ARRANGEMENT NO-604,تنسيق مائل للوردي خاص بالعيد رقم 604,A delicate arrangement with soft pinkish tones.,تنسيق رقيق بلمسات لونية وردية ناعمة.,240,60,Greeting Card,بطاقة تهنئة
441,EID SPECIAL SPECIAL,خاص العيد,EID SPECIAL PREMIUM ARRANGEMENT,تنسيق فاخر خاص بالعيد,A premium floral arrangement for exclusive Eid gifting.,تنسيق زهور فاخر لهدايا العيد المميزة.,620,60,Greeting Card,بطاقة تهنئة
442,EID SPECIAL SPECIAL,خاص العيد,EID SPECIAL PURPLE FLOWER WITH VASE NO-665,زهور بنفسجية مع فازة خاصة بالعيد رقم 665,Stunning purple flowers arranged in a stylish vase.,زهور بنفسجية مذهلة مرتبة في فازة أنيقة.,420,60,Greeting Card,بطاقة تهنئة
443,EID SPECIAL SPECIAL,خاص العيد,EID SPECIAL PURPLE PINKISH SWEET VASE ARRANGEMENT NO-641,تنسيق فازة بنفسجي وردي رقيق خاص بالعيد رقم 641,Sweet arrangement of purple and pinkish flowers in a vase.,تنسيق رقيق من الزهور البنفسجية والوردية في فازة.,190,60,Greeting Card,بطاقة تهنئة
444,EID SPECIAL SPECIAL,خاص العيد,EID SPECIAL RED AND WHITE ARRANGEMENT,تنسيق أحمر وأبيض خاص بالعيد,A classic arrangement of red and white celebratory flowers.,تنسيق كلاسيكي من الزهور الاحتفالية باللونين الأحمر والأبيض.,290,60,Greeting Card,بطاقة تهنئة
445,EID SPECIAL SPECIAL,خاص العيد,EID SPECIAL RED AND WHITE MIXED ROSE ARRANGEMENT No.211,تنسيق ورد أحمر وأبيض مشكل خاص بالعيد رقم 211,A lovely mix of red and white roses.,مزيج جميل من الورد الأحمر والأبيض.,690,60,Greeting Card,بطاقة تهنئة
446,EID SPECIAL SPECIAL,خاص العيد,EID SPECIAL RED FLOWER ARRANGEMENT No.212,تنسيق زهور أحمر خاص بالعيد رقم 212,An elegant all-red floral arrangement.,تنسيق زهور أنيق باللون الأحمر بالكامل.,280,60,Greeting Card,بطاقة تهنئة
447,EID SPECIAL SPECIAL,خاص العيد,EID SPECIAL RED FLOWER BOUQUET,باقة زهور حمراء خاصة بالعيد,A timeless red flower bouquet.,باقة زهور حمراء كلاسيكية.,300,60,Greeting Card,بطاقة تهنئة
448,EID SPECIAL SPECIAL,خاص العيد,EID SPECIAL ROYAL ROMANCE PINK ARRANGEMENT NO-650,تنسيق رويال رومانس وردي خاص بالعيد رقم 650,Luxurious pink floral arrangement named Royal Romance.,تنسيق زهور وردي فاخر بعنوان رويال رومانس.,230,60,Greeting Card,بطاقة تهنئة
449,EID SPECIAL SPECIAL,خاص العيد,EID SPECIAL TABLE ARRANGEMENT 01,تنسيق طاولة خاص بالعيد 01,A versatile floral table centerpiece.,قطعة زهور مركزية متنوعة للطاولات.,1580,60,Greeting Card,بطاقة تهنئة
450,EID SPECIAL SPECIAL,خاص العيد,EID SPECIAL WHITE AND BLACK BOX LUXURY ARRANGEMENT NO-657,تنسيق صندوق فاخر أبيض وأسود خاص بالعيد رقم 657,Luxury white flowers in a stylish black box.,زهور بيضاء فاخرة في صندوق أسود أنيق.,470,60,Greeting Card,بطاقة تهنئة
451,EID SPECIAL SPECIAL,خاص العيد,EID SPECIAL WHITE AND GREEN MIXED FLOWER VASE,فازة زهور مشكلة أبيض وأخضر خاصة بالعيد,Fresh white and green flowers in a glass vase.,زهور بيضاء وخضراء طازجة في فازة زجاجية.,290,60,Greeting Card,بطاقة تهنئة
452,EID SPECIAL SPECIAL,خاص العيد,EID SPECIAL WHITE ARRANGEMENT-202,تنسيق أبيض خاص بالعيد رقم 202,Pristine white floral arrangement.,تنسيق زهور أبيض نقي.,380,60,Greeting Card,بطاقة تهنئة
453,EID SPECIAL SPECIAL,خاص العيد,EID SPECIAL WHITE BEAUTIFUL VASE WITH FUCHIA AND SPECIAL FLOWER ARRANGEMENT,فازة بيضاء جميلة مع تنسيق فوشيا خاص بالعيد,White vase with a special fuchsia floral arrangement.,فازة بيضاء مع تنسيق زهور فوشيا خاص.,360,60,Greeting Card,بطاقة تهنئة
454,EID SPECIAL SPECIAL,خاص العيد,EID SPECIAL WHITE FLORAL NICE ARRANGEMENT NO-638,تنسيق زهور أبيض رائع خاص بالعيد رقم 638,A nice and elegant white floral arrangement.,تنسيق زهور أبيض رائع وأنيق.,280,60,Greeting Card,بطاقة تهنئة
455,EID SPECIAL SPECIAL,خاص العيد,EID SPECIAL WHITE FLOWERS WITH WHITE VASE NO.321,زهور بيضاء مع فازة بيضاء خاصة بالعيد رقم 321,Classic white flowers presented in a white vase.,زهور بيضاء كلاسيكية مقدمة في فازة بيضاء.,360,60,Greeting Card,بطاقة تهنئة
456,EID SPECIAL SPECIAL,خاص العيد,EID SPECIAL WHITE GREEN LONG FLOWER ARRANGEMENTS No.320,تنسيق زهور طويل أبيض وأخضر خاص بالعيد رقم 320,A tall and elegant green and white floral display.,تنسيق زهور طويل وأنيق بالألوان الأخضر والأبيض.,390,60,Greeting Card,بطاقة تهنئة
457,EID SPECIAL SPECIAL,خاص العيد,EID SPECIAL WHITE MIX FLOWER WITH WHITE FOREX ARRANGEMENT NO-619,تنسيق زهور مشكل أبيض مع قاعدة فوركس بيضاء خاص بالعيد رقم 619,Mixed white floral arrangement with a white forex base.,تنسيق زهور أبيض مشكل مع قاعدة فوركس بيضاء.,580,60,Greeting Card,بطاقة تهنئة
458,EID SPECIAL SPECIAL,خاص العيد,EID SPECIAL WHITE MIXED VASENo-203,فازة زهور بيضاء مشكلة خاصة بالعيد رقم 203,A refreshing arrangement of white mixed flowers in a vase.,تنسيق منعش من الزهور البيضاء المشكلة في فازة.,420,60,Greeting Card,بطاقة تهنئة
459,EID SPECIAL SPECIAL,خاص العيد,EID SPECIAL WHITE NICE VASE ARRANGEMENT,تنسيق فازة زهور بيضاء رائع خاص بالعيد,An elegant white floral arrangement in a stylish vase.,تنسيق زهور بيضاء أنيق في فازة عصرية.,390,60,Greeting Card,بطاقة تهنئة
460,EID SPECIAL SPECIAL,خاص العيد,EID SPECIAL WHITE ONLY FLOWER VASE No.200,فازة زهور بيضاء فقط خاصة بالعيد رقم 200,A pure white floral display in a premium vase.,عرض زهور بيضاء نقية في فازة فاخرة.,390,60,Greeting Card,بطاقة تهنئة
461,EID SPECIAL SPECIAL,خاص العيد,EID SPECIAL WHITE ROSE VASE No.317,فازة ورد أبيض خاصة بالعيد رقم 317,Sophisticated white roses arranged beautifully in a vase.,ورد أبيض راقٍ مرتب بجمال في فازة.,270,60,Greeting Card,بطاقة تهنئة
462,EID SPECIAL SPECIAL,خاص العيد,EID SPECIAL WHITE VASE No.210,فازة بيضاء خاصة بالعيد رقم 210,A minimalist white floral arrangement in a vase.,تنسيق زهور أبيض بسيط في فازة.,280,60,Greeting Card,بطاقة تهنئة
463,EID SPECIAL SPECIAL,خاص العيد,EID SPECIAL WHITE VASE WITH WOW FLOWERS NO-634,فازة بيضاء مع زهور مبهرة خاصة بالعيد رقم 634,An impressive arrangement of wow-factor white flowers.,تنسيق مبهر من الزهور البيضاء ذات التأثير الرائع.,220,60,Greeting Card,بطاقة تهنئة
464,EID SPECIAL SPECIAL,خاص العيد,EID SPECIAL WHITE VASE ARRANGEMENT No.317,تنسيق فازة أبيض خاص بالعيد رقم 317,Classic white floral arrangement in a sleek vase.,تنسيق زهور أبيض كلاسيكي في فازة أنيقة.,350,60,Greeting Card,بطاقة تهنئة
465,EID SPECIAL SPECIAL,خاص العيد,EID SPECIAL WOW FLOWER ARRANGEMENT No 207,تنسيق زهور مبهر خاص بالعيد رقم 207,A striking floral arrangement designed to impress.,تنسيق زهور مذهل مصمم لإبهار الناظرين.,440,60,Greeting Card,بطاقة تهنئة
466,EID SPECIAL SPECIAL,خاص العيد,EID SPECIALPURPLE VASE FLOWER ARRANGEMENT No.216,تنسيق فازة بنفسجي خاص بالعيد رقم 216,Rich purple flowers elegantly arranged in a vase.,زهور بنفسجية غنية مرتبة بأناقة في فازة.,300,60,Greeting Card,بطاقة تهنئة
467,EID SPECIAL SPECIAL,خاص العيد,FUCHIA AND WHITE ARRANGEMENT NO-630,تنسيق فوشيا وأبيض خاص بالعيد رقم 630,A beautiful contrast of fuchsia and white flowers.,تباين جميل بين الزهور الفوشيا والبيضاء.,480,60,Greeting Card,بطاقة تهنئة
468,EID SPECIAL SPECIAL,خاص العيد,FUCHIA HAND BOUQUET NO-2002,باقة يد فوشيا خاصة بالعيد رقم 2002,A vibrant fuchsia hand bouquet.,باقة يد فوشيا زاهية.,120,60,Greeting Card,بطاقة تهنئة
469,EID SPECIAL SPECIAL,خاص العيد,GERABERA SPECIAL GIFT SPACE ARRANGEMENT NO-614,تنسيق جربيرا خاص لمساحة الهدايا بالعيد رقم 614,Lovely gerbera arrangement tailored for gift spaces.,تنسيق جربيرا جميل مخصص لمساحات الهدايا.,220,60,Greeting Card,بطاقة تهنئة
470,EID SPECIAL SPECIAL,خاص العيد,GREEN FLORAL GIFT SPACE ARRANGEMENT NO-627,تنسيق زهور خضراء لمساحة الهدايا بالعيد رقم 627,Fresh green floral arrangement for gift areas.,تنسيق زهور خضراء منعش لمناطق الهدايا.,240,60,Greeting Card,بطاقة تهنئة
471,EID SPECIAL SPECIAL,خاص العيد,LILY WHITE ROSES MIX NO-1037,مزيج زنابق وورد أبيض خاص بالعيد رقم 1037,A classic mix of white lilies and white roses.,مزيج كلاسيكي من الزنابق البيضاء والورد الأبيض.,250,60,Greeting Card,بطاقة تهنئة
472,EID SPECIAL SPECIAL,خاص العيد,LITTLE PURPLE BOUQUET NO-13,باقة بنفسجية صغيرة خاصة بالعيد رقم 13,A charming little purple bouquet.,باقة بنفسجية صغيرة وساحرة.,90,60,Greeting Card,بطاقة تهنئة
473,EID SPECIAL SPECIAL,خاص العيد,MIX FLOWERS BEAUTIFUL BOUQUET NO-1005,باقة زهور مشكلة جميلة خاصة بالعيد رقم 1005,A colorful mix of flowers in a beautiful bouquet.,مزيج ملون من الزهور في باقة جميلة.,490,60,Greeting Card,بطاقة تهنئة
474,EID SPECIAL SPECIAL,خاص العيد,MIX PREMIUM HAND BOUQUET NO-1092,باقة يد فاخرة مشكلة خاصة بالعيد رقم 1092,A premium selection of mixed flowers.,تشكيلة فاخرة من الزهور المشكلة.,370,60,Greeting Card,بطاقة تهنئة
475,EID SPECIAL SPECIAL,خاص العيد,PINK AND FUCHIA MIX LUXURY ARRANGEMENT NO-617,تنسيق فاخر وردي وفوشيا مشكل خاص بالعيد رقم 617,A luxury arrangement in pink and fuchsia shades.,تنسيق فاخر بدرجات الوردي والفوشيا.,390,60,Greeting Card,بطاقة تهنئة
476,EID SPECIAL SPECIAL,خاص العيد,PINK LILLY 1 BUNCH NO-655,باقة زنبق وردي رقم 655,A single bunch of fresh pink lilies.,باقة واحدة من زهور الزنبق الوردي الطازجة.,400,60,Greeting Card,بطاقة تهنئة
477,EID SPECIAL SPECIAL,خاص العيد,PINK LILLY HAND BOUQUET NO-2000,باقة يد زنبق وردي خاصة بالعيد رقم 2000,A beautiful hand bouquet of pink lilies.,باقة يد جميلة من زهور الزنبق الوردي.,180,60,Greeting Card,بطاقة تهنئة
478,EID SPECIAL SPECIAL,خاص العيد,PINK LILLY HAND BOUQUET NO-2009,باقة يد زنبق وردي خاصة بالعيد رقم 2009,An elegant hand bouquet featuring pink lilies.,باقة يد أنيقة تضم زهور الزنبق الوردي.,250,60,Greeting Card,بطاقة تهنئة
479,EID SPECIAL SPECIAL,خاص العيد,PINK LILLY MIX BOUQUET NO-2008,باقة زنبق وردي مشكلة خاصة بالعيد رقم 2008,A mixed bouquet featuring pink lilies.,باقة مشكلة تضم زهور الزنبق الوردي.,350,60,Greeting Card,بطاقة تهنئة
480,EID SPECIAL SPECIAL,خاص العيد,PINK SPECIAL FLOWER ARRANGEMENT SENSATIONAL SYMPHONY NO-607,تنسيق زهور وردي خاص بالعيد سيمفونية مذهلة رقم 607,A sensational symphony of pink flowers.,سيمفونية مذهلة من الزهور الوردية.,440,60,Greeting Card,بطاقة تهنئة
481,EID SPECIAL SPECIAL,خاص العيد,PINK TULIP 20 NO-1091,20 زهرة توليب وردي رقم 1091,A beautiful bunch of 20 pink tulips.,باقة جميلة من 20 زهرة توليب وردية.,390,60,Greeting Card,بطاقة تهنئة
482,EID SPECIAL SPECIAL,خاص العيد,PINK TULIP ARRANGEMENT Royal Romance,تنسيق توليب وردي رويال رومانس,A romantic arrangement of pink tulips.,تنسيق رومانسي من زهور التوليب الوردية.,200,60,Greeting Card,بطاقة تهنئة
483,EID SPECIAL SPECIAL,خاص العيد,PREMIUM LILLY HAND BOUQUET NO-2011,باقة يد زنابق فاخرة رقم 2011,A premium hand-tied lily bouquet.,باقة زنابق فاخرة مربوطة يدوياً.,220,60,Greeting Card,بطاقة تهنئة
484,EID SPECIAL SPECIAL,خاص العيد,PURE GRACE NO-653,نعمة نقية رقم 653,A graceful floral arrangement.,تنسيق زهور يفيض بالنعمة.,340,60,Greeting Card,بطاقة تهنئة
485,EID SPECIAL SPECIAL,خاص العيد,PURPLE TULIP WITH VASE ARRANGEMENT NO-639,تنسيق توليب بنفسجي مع فازة رقم 639,Stunning purple tulips in a vase.,زهور توليب بنفسجية مذهلة في فازة.,200,60,Greeting Card,بطاقة تهنئة
486,EID SPECIAL SPECIAL,خاص العيد,RED ROSE WITH GIFT SPACE SPECIAL ARRANGEMENT NO-623,تنسيق ورد أحمر مع مساحة هدايا خاص رقم 623,Red roses in a special gift space arrangement.,ورد أحمر في تنسيق خاص لمساحة هدايا.,290,60,Greeting Card,بطاقة تهنئة
487,EID SPECIAL SPECIAL,خاص العيد,SMALL BLOOM SURPRISE NO-19,مفاجأة زهور صغيرة رقم 19,A charming small surprise arrangement.,تنسيق مفاجأة صغير وساحر.,90,60,Greeting Card,بطاقة تهنئة
488,EID SPECIAL SPECIAL,خاص العيد,SOPHISTICATED SPLENDOR NO-629,بهاء راقٍ رقم 629,A sophisticated display for special celebrations.,عرض راقٍ للاحتفالات الخاصة.,430,60,Greeting Card,بطاقة تهنئة
489,EID SPECIAL SPECIAL,خاص العيد,STANDING BOUQUET WITH CUTE RED ROSES NO-1034,باقة واقفة مع ورد أحمر جذاب رقم 1034,Standing bouquet with vibrant red roses.,باقة واقفة مع ورود حمراء زاهية.,280,60,Greeting Card,بطاقة تهنئة
490,EID SPECIAL SPECIAL,خاص العيد,SUNSET GLOW PINK AND MIXED LUXURY VASE ARRANGEMENT NO-655,تنسيق فازة وردي ومزيج فاخر رقم 655,Luxury arrangement with sunset-inspired pink tones.,تنسيق فاخر بدرجات وردية مستوحاة من غروب الشمس.,380,60,Greeting Card,بطاقة تهنئة
491,EID SPECIAL SPECIAL,خاص العيد,SWEET HARMONY NO-659,تناغم حلو رقم 659,A sweet and harmonious floral arrangement.,تنسيق زهور حلو ومتناغم.,230,60,Greeting Card,بطاقة تهنئة
492,EID SPECIAL SPECIAL,خاص العيد,THE FLORAL POEM NO-642,قصيدة الزهور رقم 642,A poetic floral arrangement.,تنسيق زهور شاعري.,460,60,Greeting Card,بطاقة تهنئة
493,EID SPECIAL SPECIAL,خاص العيد,WHITE DECO BEAUTY GIFT SPACE ARRANGEMENT NO-663,تنسيق جمال ديكوري أبيض لمساحة الهدايا رقم 663,White floral deco for gift spaces.,ديكور زهور أبيض لمساحات الهدايا.,340,60,Greeting Card,بطاقة تهنئة
494,EID SPECIAL SPECIAL,خاص العيد,WHITE HYDRANGEA MIX VASE ARRANGEMENT NO-660,تنسيق فازة هيدرانجا أبيض مشكل رقم 660,Mixed white hydrangea in a vase.,هيدرانجا بيضاء مشكلة في فازة.,560,60,Greeting Card,بطاقة تهنئة
495,EID SPECIAL SPECIAL,خاص العيد,WHITE LILLY SIGNATURE ARRANGEMENT NO-613,تنسيق زنابق بيضاء مميز رقم 613,Signature white lily arrangement.,تنسيق زنابق بيضاء مميز.,250,60,Greeting Card,بطاقة تهنئة
496,EID SPECIAL SPECIAL,خاص العيد,WHITE MIX TALLER ARRANGEMENT NO-635,تنسيق أبيض مشكل طويل رقم 635,Tall mixed white floral arrangement.,تنسيق زهور أبيض طويل مشكل.,240,60,Greeting Card,بطاقة تهنئة
497,EID SPECIAL SPECIAL,خاص العيد,WHITE ROSE SPECIAL VASE NO-643,فازة ورد أبيض خاصة رقم 643,White rose arrangement in a special vase.,تنسيق ورد أبيض في فازة خاصة.,150,60,Greeting Card,بطاقة تهنئة
498,EID SPECIAL SPECIAL,خاص العيد,"WHITE ROSE10, 10 WHITE TULIP & 10 BABY ROSE NO-1008",10 ورد أبيض، 10 توليب أبيض، و10 بيبي روز رقم 1008,"Bouquet with roses, tulips, and baby roses.",باقة مع ورود، توليب، وبيبي روز.,570,60,Greeting Card,بطاقة تهنئة
499,EID SPECIAL SPECIAL,خاص العيد,WHITE TULIP WITH VASE ARRANGEMENT NO-630,تنسيق توليب أبيض مع فازة رقم 630,White tulips presented in a vase.,زهور توليب بيضاء مقدمة في فازة.,250,60,Greeting Card,بطاقة تهنئة
500,EID SPECIAL SPECIAL,خاص العيد,YELLOW ROSE VASE ARRANGEMENT,تنسيق فازة ورد أصفر,Vibrant yellow rose arrangement.,تنسيق ورد أصفر زاهٍ.,160,60,Greeting Card,بطاقة تهنئة
501,EID SPECIAL SPECIAL,خاص العيد,YELLOW SIMPLE BOUQUET NO-16,باقة صفراء بسيطة رقم 16,A simple and cheerful yellow bouquet.,باقة صفراء بسيطة ومبهجة.,90,60,Greeting Card,بطاقة تهنئة
502,FATHERS DAY SPECIAL,خاص بيوم الأب,Fathers day special blue and white theme special hand bouquet,باقة يد مميزة لعيد الأب بطابع أزرق وأبيض,A beautiful hand bouquet featuring blue and white flowers.,باقة يد جميلة تتميز بزهور زرقاء وبيضاء.,380,60,Greeting Card,بطاقة تهنئة
503,FATHERS DAY SPECIAL,خاص بيوم الأب,Fathers day special bouquet blue lilly multi flowers,باقة عيد الأب المميزة بزهور الزنبق الأزرق والزهور المتعددة,A vibrant mix of blue lilies and various flowers.,مزيج زاهٍ من زهور الزنبق الأزرق وزهور متنوعة.,370,60,Greeting Card,بطاقة تهنئة
504,FATHERS DAY SPECIAL,خاص بيوم الأب,Fathers day special bouquet deco blue lilly multi flowers,باقة عيد الأب المميزة بتنسيق الزنبق الأزرق والزهور المتعددة,An elegant decorative bouquet with blue lilies and mixed blooms.,باقة تزيينية أنيقة بزهور الزنبق الأزرق وزهور مشكلة.,340,60,Greeting Card,بطاقة تهنئة
505,FATHERS DAY SPECIAL,خاص بيوم الأب,Fathers day special bouquet mix flowers,باقة عيد الأب المميزة بزهور مشكلة,A joyful mix of various colorful flowers.,مزيج مبهج من الزهور الملونة المتنوعة.,350,60,Greeting Card,بطاقة تهنئة
506,FATHERS DAY SPECIAL,خاص بيوم الأب,Fathers day special bouquet orange rose standing bouquet,باقة عيد الأب المميزة بزهور الورد البرتقالي القائمة,Stunning standing bouquet featuring vibrant orange roses.,باقة قائمة مذهلة تتميز بزهور الورد البرتقالي الزاهي.,190,60,Greeting Card,بطاقة تهنئة
507,FATHERS DAY SPECIAL,خاص بيوم الأب,Fathers day special bouquet purple rose standing bouquet,باقة عيد الأب المميزة بزهور الورد البنفسجي القائمة,Elegant standing bouquet featuring rich purple roses.,باقة قائمة أنيقة تتميز بزهور الورد البنفسجي الغني.,190,60,Greeting Card,بطاقة تهنئة
508,FATHERS DAY SPECIAL,خاص بيوم الأب,Fathers day special bouquet red and white gerbera,باقة عيد الأب المميزة بزهور الجيربيرا الحمراء والبيضاء,A classic arrangement of bright red and white gerberas.,تنسيق كلاسيكي من زهور الجيربيرا الحمراء والبيضاء الزاهية.,270,60,Greeting Card,بطاقة تهنئة
509,FATHERS DAY SPECIAL,خاص بيوم الأب,Fathers day special bouquet white flowers,باقة عيد الأب المميزة بزهور بيضاء,A sophisticated and clean bouquet of fresh white flowers.,باقة راقية ونقية من الزهور البيضاء الطازجة.,280,60,Greeting Card,بطاقة تهنئة
510,FATHERS DAY SPECIAL,خاص بيوم الأب,Fathers day special bouquet white and golden flowers,باقة عيد الأب المميزة بزهور بيضاء وذهبية,Luxurious bouquet combining white flowers with golden accents.,باقة فاخرة تجمع بين الزهور البيضاء واللمسات الذهبية.,370,60,Greeting Card,بطاقة تهنئة
511,FATHERS DAY SPECIAL,خاص بيوم الأب,Fathers day special bouquet white and golden theme,باقة عيد الأب المميزة بطابع أبيض وذهبي,A themed arrangement with elegant white and golden blooms.,تنسيق يحمل طابعاً خاصاً بزهور بيضاء وذهبية أنيقة.,370,60,Greeting Card,بطاقة تهنئة
512,FATHERS DAY SPECIAL,خاص بيوم الأب,Fathers day special bouquet white and yellow themed flowers,باقة عيد الأب المميزة بطابع زهور بيضاء وصفراء,A cheerful bouquet featuring a mix of white and yellow flowers.,باقة مبهجة تضم مزيجاً من الزهور البيضاء والصفراء.,370,60,Greeting Card,بطاقة تهنئة
513,FATHERS DAY SPECIAL,خاص بيوم الأب,Fathers day special bouquet wow flowers,"باقة عيد الأب المميزة ""واو""","An impressive and ""wow"" factor bouquet for fathers.",باقة مذهلة ومبهرة مصممة خصيصاً للآباء.,370,60,Greeting Card,بطاقة تهنئة
514,FATHERS DAY SPECIAL,خاص بيوم الأب,Fathers day special cake and white with blue mixed hand bouquet,كعكة عيد الأب المميزة مع باقة يد زهور بيضاء وزرقاء مشكلة,A celebratory cake paired with a white and blue bouquet.,كعكة احتفالية مقترنة بباقة زهور بيضاء وزرقاء.,380,60,Greeting Card,بطاقة تهنئة
515,FATHERS DAY SPECIAL,خاص بيوم الأب,Fathers day special cake and white with blue wow hand bouquet,كعكة عيد الأب المميزة مع باقة يد زهور بيضاء وزرقاء مبهرة,A perfect gift set with a cake and a stunning blue/white bouquet.,طقم هدايا مثالي يحتوي على كعكة وباقة زهور زرقاء وبيضاء مذهلة.,380,60,Greeting Card,بطاقة تهنئة
516,FATHERS DAY SPECIAL,خاص بيوم الأب,Fathers day special cake with beautiful golden bouquet,كعكة عيد الأب المميزة مع باقة زهور ذهبية جميلة,A delicious cake complemented by a beautiful golden-themed bouquet.,كعكة لذيذة يكملها باقة جميلة ذات طابع ذهبي.,360,60,Greeting Card,بطاقة تهنئة
517,FATHERS DAY SPECIAL,خاص بيوم الأب,Fathers day special cake with blue and red flower bouquet 003,كعكة عيد الأب المميزة مع باقة زهور زرقاء وحمراء 003,A celebratory cake set with a vibrant blue and red floral bouquet.,طقم كعكة احتفالية مع باقة زهور زرقاء وحمراء زاهية.,370,60,Greeting Card,بطاقة تهنئة
518,FATHERS DAY SPECIAL,خاص بيوم الأب,Fathers day special cake with blue and red flower bouquet,كعكة عيد الأب المميزة مع باقة زهور زرقاء وحمراء,A festive cake accompanied by a blue and red flower bouquet.,كعكة احتفالية مصحوبة بباقة زهور زرقاء وحمراء.,340,60,Greeting Card,بطاقة تهنئة
519,FATHERS DAY SPECIAL,خاص بيوم الأب,Fathers day special cake with flower 01,كعكة عيد الأب المميزة مع زهور 01,A lovely celebration cake styled with fresh flowers.,كعكة احتفالية جميلة منسقة بزهور طازجة.,340,60,Greeting Card,بطاقة تهنئة
520,FATHERS DAY SPECIAL,خاص بيوم الأب,Fathers day special half kg cake with red and white wow hand bouquet,كعكة عيد الأب المميزة (نصف كيلو) مع باقة يد حمراء وبيضاء مبهرة,A half-kg celebration cake with a stunning red and white hand bouquet.,كعكة احتفالية نصف كيلو مع باقة يد حمراء وبيضاء مذهلة.,340,60,Greeting Card,بطاقة تهنئة
521,FATHERS DAY SPECIAL,خاص بيوم الأب,Fathers day special love blue gypso,باقة زهور الجيبسوفيلا الزرقاء المميزة لعيد الأب,A heart-shaped arrangement of blue gypso flowers.,تنسيق على شكل قلب من زهور الجيبسوفيلا الزرقاء.,350,60,Greeting Card,بطاقة تهنئة
522,FATHERS DAY SPECIAL,خاص بيوم الأب,Fathers day special white tulip flowers,باقة زهور التوليب البيضاء المميزة لعيد الأب,Elegant and classic white tulip bouquet for a special father.,باقة توليب بيضاء أنيقة وكلاسيكية لأب مميز.,280,60,Greeting Card,بطاقة تهنئة
523,FATHERS DAY SPECIAL,خاص بيوم الأب,Fathers day special whitish arrangement,تنسيق الزهور المائلة للبياض المميز لعيد الأب,A graceful and light-toned floral arrangement.,تنسيق زهور رشيق وبألوان فاتحة.,370,60,Greeting Card,بطاقة تهنئة
524,Flower Bouquets Under 200 QR,باقات زهور بأقل من 200 ريال قطري,Bouquet Lily and Rose Mix Flower Bouquet,باقة زهور الزنبق والورد المشكلة,A classic mix of fresh lilies and roses.,مزيج كلاسيكي من زهور الزنبق والورد الطازجة.,180,,Greeting Card,بطاقة تهنئة
525,Flower Bouquets Under 200 QR,باقات زهور بأقل من 200 ريال قطري,Bouquet Red and White Vey Nice Standing Bouquet,باقة الوقوف الحمراء والبيضاء المميزة,A beautiful standing bouquet of red and white roses.,باقة قائمة جميلة من الورد الأحمر والأبيض.,150,,Greeting Card,بطاقة تهنئة
526,Flower Bouquets Under 200 QR,باقات زهور بأقل من 200 ريال قطري,Bouquet Red Rose and White Rose with Gypson Standing Bouquet,باقة الورد الأحمر والأبيض مع الجيبسوفيلا,Elegant red and white roses accented with delicate gypsophila.,ورود حمراء وبيضاء أنيقة مزينة بالجيبسوفيلا الرقيقة.,120,,Greeting Card,بطاقة تهنئة
527,Flower Bouquets Under 200 QR,باقات زهور بأقل من 200 ريال قطري,Bouquet Rose and White Mix Flower Bouquet,باقة الورد والزهور البيضاء المشكلة,A lovely mix of roses and white flowers.,مزيج جميل من الورد والزهور البيضاء.,150,,Greeting Card,بطاقة تهنئة
528,Flower Bouquets Under 200 QR,باقات زهور بأقل من 200 ريال قطري,Bouquet Yellow and White Gypson Mixed Bouquet,باقة الورد الأصفر والأبيض مع الجيبسوفيلا,Cheerful yellow and white blooms with gypsophila.,زهور صفراء وبيضاء مبهجة مع الجيبسوفيلا.,150,,Greeting Card,بطاقة تهنئة
529,Flower Bouquets Under 200 QR,باقات زهور بأقل من 200 ريال قطري,Flower Bouquet Fuchia Rose and Gypson Hand Bouquet,باقة الورد الفوشيا مع الجيبسوفيلا,Vibrant fuchsia roses combined with gypsophila.,ورود فوشيا زاهية مدمجة مع الجيبسوفيلا.,150,,Greeting Card,بطاقة تهنئة
530,Flower Bouquets Under 200 QR,باقات زهور بأقل من 200 ريال قطري,Flower Bouquet Pink Lily with Gypson Mixed Standing Bouquet,باقة الزنبق الوردي والجيبسوفيلا القائمة,Soft pink lilies paired with gypsophila in a standing style.,زنبق وردي ناعم مقترن بالجيبسوفيلا في تنسيق قائم.,150,,Greeting Card,بطاقة تهنئة
531,Flower Bouquets Under 200 QR,باقات زهور بأقل من 200 ريال قطري,Flower Bouquet Red and Gypson Wow Bouquet,باقة الورد الأحمر والجيبسوفيلا المبهرة,A striking red rose bouquet with gypsophila.,باقة ورد أحمر لافتة مع الجيبسوفيلا.,150,,Greeting Card,بطاقة تهنئة
532,Flower Bouquets Under 200 QR,باقات زهور بأقل من 200 ريال قطري,Hand Bouquet Pink and White Modern Wow Bouquet,باقة اليد الحديثة باللونين الوردي والأبيض,"A modern, stunning bouquet featuring pink and white roses.",باقة حديثة ومذهلة تضم الورود الوردية والبيضاء.,120,,Greeting Card,بطاقة تهنئة
533,Flower Bouquets Under 200 QR,باقات زهور بأقل من 200 ريال قطري,Hand Bouquet Red and White with Yellow Rose Standing Bouquet,باقة اليد الحمراء والبيضاء مع الورد الأصفر,"A vibrant standing bouquet featuring red, white, and yellow roses.",باقة قائمة زاهية تضم الورد الأحمر والأبيض والأصفر.,250,,Greeting Card,بطاقة تهنئة
534,Flower Bouquets Under 200 QR,باقات زهور بأقل من 200 ريال قطري,Standing Bouquet Red and White Special Bouquet No 04,باقة الوقوف الخاصة باللونين الأحمر والأبيض رقم 04,A special standing arrangement of red and white flowers.,تنسيق قائم خاص من الزهور الحمراء والبيضاء.,160,,Greeting Card,بطاقة تهنئة
535,FLOWER BOUQUET WITH CHOCOLATE,بوكيه ورد مع شوكولاتة,FLOWER BOUQUET WITH CHOCOLATE 01,بوكيه ورد مع شوكولاتة 01,A bouquet of red roses paired with premium chocolates.,بوكيه ورد أحمر مع شوكولاتة فاخرة.,160,60,Greeting Card,بطاقة تهنئة
536,FLOWER BOUQUET WITH CHOCOLATE,بوكيه ورد مع شوكولاتة,FLOWER BOUQUET WITH CHOCOLATE 02,بوكيه ورد مع شوكولاتة 02,Assorted white and purple flowers with chocolate accents.,زهور مشكلة بيضاء وبنفسجية مع لمسات شوكولاتة.,180,60,Greeting Card,بطاقة تهنئة
537,FLOWER BOUQUET WITH CHOCOLATE,بوكيه ورد مع شوكولاتة,FLOWER BOUQUET WITH CHOCOLATE 03,بوكيه ورد مع شوكولاتة 03,Pink roses bouquet accompanied by a box of chocolates.,بوكيه ورد وردي يرافقه صندوق شوكولاتة.,198,60,Greeting Card,بطاقة تهنئة
538,FLOWER BOUQUET WITH CHOCOLATE,بوكيه ورد مع شوكولاتة,FLOWER BOUQUET WITH CHOCOLATE 04,بوكيه ورد مع شوكولاتة 04,Chocolates arranged in a elegant black box.,شوكولاتة مرتبة في صندوق أسود أنيق.,190,60,Greeting Card,بطاقة تهنئة
539,FLOWER BOUQUET WITH CHOCOLATE,بوكيه ورد مع شوكولاتة,FLOWER BOUQUET WITH CHOCOLATE 05,بوكيه ورد مع شوكولاتة 05,Red roses bundled with Ferrero Rocher chocolates.,ورود حمراء مع شوكولاتة فيريرو روشيه.,190,60,Greeting Card,بطاقة تهنئة
540,FLOWER BOUQUET WITH CHOCOLATE,بوكيه ورد مع شوكولاتة,FLOWER BOUQUET WITH CHOCOLATE 06,بوكيه ورد مع شوكولاتة 06,A stylish mix of red roses and chocolate.,مزيج أنيق من الورود الحمراء والشوكولاتة.,220,60,Greeting Card,بطاقة تهنئة
541,FLOWER BOUQUET WITH CHOCOLATE,بوكيه ورد مع شوكولاتة,FLOWER BOUQUET WITH CHOCOLATE 07,بوكيه ورد مع شوكولاتة 07,A circular arrangement of red roses and centered chocolates.,تنسيق دائري من الورود الحمراء مع شوكولاتة في المنتصف.,280,60,Greeting Card,بطاقة تهنئة
542,FLOWER BOUQUET WITH CHOCOLATE,بوكيه ورد مع شوكولاتة,FLOWER BOUQUET WITH CHOCOLATE 08,بوكيه ورد مع شوكولاتة 08,Pink flowers bouquet with chocolate gifts.,بوكيه زهور وردية مع هدايا شوكولاتة.,190,60,Greeting Card,بطاقة تهنئة
543,FLOWER BOUQUET WITH CHOCOLATE,بوكيه ورد مع شوكولاتة,FLOWER BOUQUET WITH CHOCOLATE 09,بوكيه ورد مع شوكولاتة 09,Classic red rose bouquet wrapped with chocolate.,بوكيه ورد أحمر كلاسيكي مغلف مع شوكولاتة.,140,60,Greeting Card,بطاقة تهنئة
544,FLOWER BOUQUET WITH CHOCOLATE,بوكيه ورد مع شوكولاتة,FLOWER BOUQUET WITH CHOCOLATE 10,بوكيه ورد مع شوكولاتة 10,Red roses in a black and gold wrap with chocolate.,ورود حمراء في تغليف أسود وذهبي مع شوكولاتة.,270,60,Greeting Card,بطاقة تهنئة
545,FLOWER BOUQUET WITH CHOCOLATE,بوكيه ورد مع شوكولاتة,FLOWER BOUQUET WITH CHOCOLATE 11,بوكيه ورد مع شوكولاتة 11,A delicate bouquet with chocolates.,بوكيه رقيق مع شوكولاتة.,130,60,Greeting Card,بطاقة تهنئة
546,FLOWER BOUQUET WITH CHOCOLATE,بوكيه ورد مع شوكولاتة,FLOWER BOUQUET WITH CHOCOLATE 12,بوكيه ورد مع شوكولاتة 12,A mixed flower bouquet with gourmet chocolates.,بوكيه زهور مشكلة مع شوكولاتة فاخرة.,220,60,Greeting Card,بطاقة تهنئة
547,FLOWER VASE ARRANGEMENT,تنسيق فازة زهور,ALL MIX FLOWER WITH CUTE VASE,زهور مشكلة مع فازة جذابة,A charming mix of colorful flowers in a cute vase.,مزيج ساحر من الزهور الملونة في فازة جذابة.,380,60,Greeting Card,بطاقة تهنئة
548,FLOWER VASE ARRANGEMENT,تنسيق فازة زهور,BABY ROSE MIX WITH VASE,بيبي روز مشكل مع فازة,A delicate arrangement of baby roses in a vase.,تنسيق رقيق من زهور البيبي روز في فازة.,220,60,Greeting Card,بطاقة تهنئة
549,FLOWER VASE ARRANGEMENT,تنسيق فازة زهور,BLUE VASE WITH SPECIAL MIX,فازة زرقاء مع مزيج خاص,A special mix of flowers in an elegant blue vase.,مزيج خاص من الزهور في فازة زرقاء أنيقة.,390,60,Greeting Card,بطاقة تهنئة
550,FLOWER VASE ARRANGEMENT,تنسيق فازة زهور,CLEAR GLASS WITH CUTE PRIMIUM FLOWERS,زجاج شفاف مع زهور فاخرة جذابة,Premium flowers beautifully arranged in a clear glass vase.,زهور فاخرة مرتبة بجمال في فازة زجاجية شفافة.,360,60,Greeting Card,بطاقة تهنئة
551,FLOWER VASE ARRANGEMENT,تنسيق فازة زهور,CLEAR VASE WITH PINK MIX FLOWERS,فازة شفافة مع زهور وردية مشكلة,A lovely mix of pink flowers in a clear vase.,مزيج جميل من الزهور الوردية في فازة شفافة.,220,60,Greeting Card,بطاقة تهنئة
552,FLOWER VASE ARRANGEMENT,تنسيق فازة زهور,CLEAR VASE WITH MIX FLOWERS,فازة شفافة مع زهور مشكلة,Various mixed flowers in a clear vase.,زهور متنوعة مشكلة في فازة شفافة.,220,60,Greeting Card,بطاقة تهنئة
553,FLOWER VASE ARRANGEMENT,تنسيق فازة زهور,CUTE COLOR FLOWERS WITH VASE,زهور ملونة جذابة مع فازة,Colorful flowers in a cute vase.,زهور ملونة في فازة جذابة.,270,60,Greeting Card,بطاقة تهنئة
554,FLOWER VASE ARRANGEMENT,تنسيق فازة زهور,CUTE SMALL VASE WITH PINK ROSE,فازة صغيرة جذابة مع ورد وردي,Pink roses in a cute small vase.,ورد وردي في فازة صغيرة جذابة.,180,60,Greeting Card,بطاقة تهنئة
555,FLOWER VASE ARRANGEMENT,تنسيق فازة زهور,CUTE VASE PINK MIX FLOWER VASE,فازة جذابة مع زهور وردية مشكلة,Pink mixed flowers in a cute vase.,زهور وردية مشكلة في فازة جذابة.,300,60,Greeting Card,بطاقة تهنئة
556,FLOWER VASE ARRANGEMENT,تنسيق فازة زهور,FLOWER MIX WITH LONG VASE,زهور مشكلة مع فازة طويلة,Mixed flowers in an elegant long vase.,زهور مشكلة في فازة طويلة أنيقة.,360,60,Greeting Card,بطاقة تهنئة
557,FLOWER VASE ARRANGEMENT,تنسيق فازة زهور,flower mixed gerabera vases arrangement,تنسيق فازات زهور جربيرا مشكلة,Arrangement featuring mixed gerbera flowers.,تنسيق يضم زهور الجربيرا المشكلة.,300,60,Greeting Card,بطاقة تهنئة
558,FLOWER VASE ARRANGEMENT,تنسيق فازة زهور,flower vase beautiful orange vase,فازة زهور برتقالية جميلة,Flowers in a beautiful orange vase.,زهور في فازة برتقالية جميلة.,480,60,Greeting Card,بطاقة تهنئة
559,FLOWER VASE ARRANGEMENT,تنسيق فازة زهور,flower vase red and wow flowers,فازة زهور حمراء ومبهرة,Stunning red and impressive flowers in a vase.,زهور حمراء ومبهرة في فازة.,450,60,Greeting Card,بطاقة تهنئة
560,FLOWER VASE ARRANGEMENT,تنسيق فازة زهور,flower vase special and unique arrangement,تنسيق فازة زهور خاص وفريد,A unique floral arrangement in a vase.,تنسيق زهور فريد في فازة.,270,60,Greeting Card,بطاقة تهنئة
561,FLOWER VASE ARRANGEMENT,تنسيق فازة زهور,flower vase special luxury arrangement,تنسيق فازة زهور فاخر خاص,Luxurious floral arrangement in a vase.,تنسيق زهور فاخر في فازة.,460,60,Greeting Card,بطاقة تهنئة
562,FLOWER VASE ARRANGEMENT,تنسيق فازة زهور,flower vase special modern flower arrangement,تنسيق فازة زهور عصري خاص,Modern floral arrangement in a vase.,تنسيق زهور عصري في فازة.,720,60,Greeting Card,بطاقة تهنئة
563,FLOWER VASE ARRANGEMENT,تنسيق فازة زهور,flower vase special orange white and yellow mixed arrangement,تنسيق فازة زهور برتقالي وأبيض وأصفر مشكل خاص,"A mix of orange, white, and yellow flowers in a vase.",مزيج من الزهور البرتقالية والبيضاء والصفراء في فازة.,850,60,Greeting Card,بطاقة تهنئة
564,FLOWER VASE ARRANGEMENT,تنسيق فازة زهور,flower vase very special flowers only,فازة زهور خاصة جداً فقط,Special selection of premium flowers in a vase.,تشكيلة خاصة من الزهور الفاخرة في فازة.,330,60,Greeting Card,بطاقة تهنئة
565,FLOWER VASE ARRANGEMENT,تنسيق فازة زهور,LAVENDER COLOR WITH CUTE FLOWER AND VASE,لون لافندر مع زهور جذابة وفازة,Lovely lavender-toned flowers in a cute vase.,زهور جميلة بدرجات اللافندر في فازة جذابة.,380,60,Greeting Card,بطاقة تهنئة
566,FLOWER VASE ARRANGEMENT,تنسيق فازة زهور,LIGHT COLOUR ROSE MIX WITH VASE,مزيج ورد فاتح اللون مع فازة,Light-colored roses mixed in a vase.,مزيج من الورود فاتحة اللون في فازة.,530,60,Greeting Card,بطاقة تهنئة
567,FLOWER VASE ARRANGEMENT,تنسيق فازة زهور,LILLY WITH MIX FLOWER AND VASE,زنبق مع زهور مشكلة وفازة,A beautiful arrangement of lilies and mixed flowers in a vase.,تنسيق جميل من الزنابق والزهور المشكلة في فازة.,250,60,Greeting Card,بطاقة تهنئة
568,FLOWER VASE ARRANGEMENT,تنسيق فازة زهور,LONG FLOWER WITH LONG VASE,زهور طويلة مع فازة طويلة,Elegant long-stem flowers arranged in a tall vase.,زهور طويلة السيقان مرتبة في فازة طويلة أنيقة.,250,60,Greeting Card,بطاقة تهنئة
569,FLOWER VASE ARRANGEMENT,تنسيق فازة زهور,LONG VASE WITH MIX FLOWER,فازة طويلة مع زهور مشكلة,A mix of flowers presented in a long vase.,مزيج من الزهور مقدم في فازة طويلة.,250,60,Greeting Card,بطاقة تهنئة
570,FLOWER VASE ARRANGEMENT,تنسيق فازة زهور,MIX FLOWER WITH CLEAR VASE,زهور مشكلة مع فازة شفافة,Mixed flowers displayed in a clear glass vase.,زهور مشكلة معروضة في فازة زجاجية شفافة.,630,60,Greeting Card,بطاقة تهنئة
571,FLOWER VASE ARRANGEMENT,تنسيق فازة زهور,MIX FLOWER WITH GROUP ARRANGEMENT,زهور مشكلة مع تنسيق جماعي,A group arrangement of mixed flowers.,تنسيق جماعي من الزهور المشكلة.,680,60,Greeting Card,بطاقة تهنئة
572,FLOWER VASE ARRANGEMENT,تنسيق فازة زهور,MIX FLOWER WITH SPECIAL VASE,زهور مشكلة مع فازة خاصة,Mixed flowers in a unique and special vase.,زهور مشكلة في فازة فريدة وخاصة.,470,60,Greeting Card,بطاقة تهنئة
573,FLOWER VASE ARRANGEMENT,تنسيق فازة زهور,MIX FLOWER WITH VASE,زهور مشكلة مع فازة,A standard mixed flower arrangement in a vase.,تنسيق زهور مشكلة قياسي في فازة.,490,60,Greeting Card,بطاقة تهنئة
574,FLOWER VASE ARRANGEMENT,تنسيق فازة زهور,ORANGE AND WHITE FLOWER MIX WITH CLEAR VASE,مزيج زهور برتقالي وأبيض مع فازة شفافة,Orange and white flowers in a clear vase.,زهور برتقالية وبيضاء في فازة شفافة.,420,60,Greeting Card,بطاقة تهنئة
575,FLOWER VASE ARRANGEMENT,تنسيق فازة زهور,ORANGE AND WHITE FLOWER MIX WITH VASE,مزيج زهور برتقالي وأبيض مع فازة,Orange and white flowers arranged in a vase.,زهور برتقالية وبيضاء مرتبة في فازة.,280,60,Greeting Card,بطاقة تهنئة
576,FLOWER VASE ARRANGEMENT,تنسيق فازة زهور,PERRFECT VASE ARRANGEMENT,تنسيق فازة مثالي,A flawless and perfect vase arrangement.,تنسيق فازة زهور لا تشوبه شائبة ومثالي.,380,60,Greeting Card,بطاقة تهنئة
577,FLOWER VASE ARRANGEMENT,تنسيق فازة زهور,pink and mix flower vase arrangement,تنسيق فازة زهور وردية ومشكلة,A mix of pink and other flowers in a vase.,مزيج من الزهور الوردية وزهور أخرى في فازة.,280,60,Greeting Card,بطاقة تهنئة
578,FLOWER VASE ARRANGEMENT,تنسيق فازة زهور,PINK AND WHITE FLOEWR MIX WITH VASE,مزيج زهور وردي وأبيض مع فازة,Pink and white mixed flower arrangement in a vase.,تنسيق زهور وردية وبيضاء مشكلة في فازة.,430,60,Greeting Card,بطاقة تهنئة
579,FLOWER VASE ARRANGEMENT,تنسيق فازة زهور,PINK AND WHITE MIX FLOWER WITH VASE,مزيج زهور وردي وأبيض مع فازة,Vibrant pink and white flowers in a vase.,زهور وردية وبيضاء زاهية في فازة.,230,60,Greeting Card,بطاقة تهنئة
580,FLOWER VASE ARRANGEMENT,تنسيق فازة زهور,PINK ROSE WITH CLEAR VASE,ورد وردي مع فازة شفافة,Elegant pink roses in a clear vase.,ورود وردية أنيقة في فازة شفافة.,400,60,Greeting Card,بطاقة تهنئة
581,FLOWER VASE ARRANGEMENT,تنسيق فازة زهور,PPINK ROSE AND MEROON MIX FLOWER WITH VASE,مزيج ورد وردي ومارون مع فازة,Pink and maroon mixed flowers in a vase.,زهور وردية ومارون مشكلة في فازة.,200,60,Greeting Card,بطاقة تهنئة
582,FLOWER VASE ARRANGEMENT,تنسيق فازة زهور,PREMIUM RED ROSE WITH VASE,ورد أحمر فاخر مع فازة,Luxurious red roses presented in a vase.,ورود حمراء فاخرة مقدمة في فازة.,450,60,Greeting Card,بطاقة تهنئة
583,FLOWER VASE ARRANGEMENT,تنسيق فازة زهور,PRIMIUM FLOWER WITH VASE ARRANGMENT,تنسيق زهور فاخر مع فازة,A premium floral arrangement in a vase.,تنسيق زهور فاخر في فازة.,390,60,Greeting Card,بطاقة تهنئة
584,FLOWER VASE ARRANGEMENT,تنسيق فازة زهور,PRIMIUM FLOWER WITH WHITE VASE,زهور فاخرة مع فازة بيضاء,Premium flowers displayed in a white vase.,زهور فاخرة معروضة في فازة بيضاء.,430,60,Greeting Card,بطاقة تهنئة
585,FLOWER VASE ARRANGEMENT,تنسيق فازة زهور,PURPLE CUTE FLOWER VASE,فازة زهور بنفسجية جذابة,Charming purple flowers in a cute vase.,زهور بنفسجية ساحرة في فازة جذابة.,290,60,Greeting Card,بطاقة تهنئة
586,FLOWER VASE ARRANGEMENT,تنسيق فازة زهور,RED AND WHITE BABY ROSE MIX,مزيج بيبي روز أحمر وأبيض,A mix of red and white baby roses.,مزيج من زهور البيبي روز الحمراء والبيضاء.,300,60,Greeting Card,بطاقة تهنئة
587,FLOWER VASE ARRANGEMENT,تنسيق فازة زهور,RED AND WHITE ROSE WITH BLACK VASE,ورد أحمر وأبيض مع فازة سوداء,A sophisticated arrangement of red and white roses in a sleek black vase.,تنسيق راقٍ من الورود الحمراء والبيضاء في فازة سوداء أنيقة.,380,60,Greeting Card,بطاقة تهنئة
588,FLOWER VASE ARRANGEMENT,تنسيق فازة زهور,RED FLOWER WITH VASE,زهور حمراء مع فازة,Striking red flowers presented in a vase.,زهور حمراء ملفتة مقدمة في فازة.,540,60,Greeting Card,بطاقة تهنئة
589,FLOWER VASE ARRANGEMENT,تنسيق فازة زهور,RED ROSE WITH VASE ARRANGMENT,تنسيق ورد أحمر مع فازة,A classic arrangement of red roses in a vase.,تنسيق كلاسيكي من الورود الحمراء في فازة.,1100,60,Greeting Card,بطاقة تهنئة
590,FLOWER VASE ARRANGEMENT,تنسيق فازة زهور,RED ROSE WITH VASE,ورد أحمر مع فازة,Beautiful red roses arranged in a vase.,ورود حمراء جميلة مرتبة في فازة.,250,60,Greeting Card,بطاقة تهنئة
591,FLOWER VASE ARRANGEMENT,تنسيق فازة زهور,RED ROSE WITH WHITE FLOWER MIX AND VASE,ورد أحمر مع مزيج زهور بيضاء وفازة,A mix of red roses and white flowers in a vase.,مزيج من الورود الحمراء والزهور البيضاء في فازة.,370,60,Greeting Card,بطاقة تهنئة
592,FLOWER VASE ARRANGEMENT,تنسيق فازة زهور,RED ROSE WITH WHITE VASE,ورد أحمر مع فازة بيضاء,Luxurious red roses in a crisp white vase.,ورود حمراء فاخرة في فازة بيضاء نقية.,350,60,Greeting Card,بطاقة تهنئة
593,FLOWER VASE ARRANGEMENT,تنسيق فازة زهور,ROSE WITH VASE,ورد مع فازة,Elegant roses arranged in a vase.,ورود أنيقة مرتبة في فازة.,220,60,Greeting Card,بطاقة تهنئة
594,FLOWER VASE ARRANGEMENT,تنسيق فازة زهور,ROUND FLOWER MIX,مزيج زهور دائري,A beautiful round arrangement of mixed flowers.,تنسيق دائري جميل من زهور مشكلة.,380,60,Greeting Card,بطاقة تهنئة
595,FLOWER VASE ARRANGEMENT,تنسيق فازة زهور,SIMPLE ARRANGMENT WITH WHITE VASE,تنسيق بسيط مع فازة بيضاء,A minimalist arrangement presented in a white vase.,تنسيق بسيط معروض في فازة بيضاء.,370,60,Greeting Card,بطاقة تهنئة
596,FLOWER VASE ARRANGEMENT,تنسيق فازة زهور,SMALL FLOWERS WITH CLEAR VASE,زهور صغيرة مع فازة شفافة,Cute small flowers in a clear vase.,زهور صغيرة جذابة في فازة شفافة.,330,60,Greeting Card,بطاقة تهنئة
597,FLOWER VASE ARRANGEMENT,تنسيق فازة زهور,SMALL VASE FLOWER ARRANGMENT,تنسيق زهور فازة صغيرة,Floral arrangement designed for a small vase.,تنسيق زهور مصمم لفازة صغيرة.,320,60,Greeting Card,بطاقة تهنئة
598,FLOWER VASE ARRANGEMENT,تنسيق فازة زهور,SMALL VASE WITH MIX CUTE FLOWERS,فازة صغيرة مع زهور مشكلة جذابة,Charming mix of small flowers in a vase.,مزيج ساحر من الزهور الصغيرة في فازة.,230,60,Greeting Card,بطاقة تهنئة
599,FLOWER VASE ARRANGEMENT,تنسيق فازة زهور,SMALL VASE WITH WHITE FLOWER MIX,فازة صغيرة مع مزيج زهور بيضاء,A mix of white flowers in a small vase.,مزيج من الزهور البيضاء في فازة صغيرة.,300,60,Greeting Card,بطاقة تهنئة
600,FLOWER VASE ARRANGEMENT,تنسيق فازة زهور,special flower arrangement unique white flowers,تنسيق زهور خاص زهور بيضاء فريدة,Unique arrangement featuring white flowers.,تنسيق فريد يضم زهوراً بيضاء.,470,60,Greeting Card,بطاقة تهنئة
601,FLOWER VASE ARRANGEMENT,تنسيق فازة زهور,special flower vase white and green flower arrangement,تنسيق فازة زهور خاص زهور بيضاء وخضراء,Arrangement of white and green flowers in a vase.,تنسيق من الزهور البيضاء والخضراء في فازة.,520,60,Greeting Card,بطاقة تهنئة
602,FLOWER VASE ARRANGEMENT,تنسيق فازة زهور,SPECIAL FLOWER WITH CUTE VASE,زهور خاصة مع فازة جذابة,Special flowers presented in a cute vase.,زهور خاصة مقدمة في فازة جذابة.,350,60,Greeting Card,بطاقة تهنئة
603,FLOWER VASE ARRANGEMENT,تنسيق فازة زهور,SPECIAL FLOWERS WITH WHITE VASE,زهور خاصة مع فازة بيضاء,Premium flowers in a stylish white vase.,زهور فاخرة في فازة بيضاء أنيقة.,370,60,Greeting Card,بطاقة تهنئة
604,FLOWER VASE ARRANGEMENT,تنسيق فازة زهور,standing bouquet red and white flowers,باقة واقفة زهور حمراء وبيضاء,A beautiful standing bouquet of red and white flowers.,باقة واقفة جميلة من الزهور الحمراء والبيضاء.,370,60,Greeting Card,بطاقة تهنئة
605,FLOWER VASE ARRANGEMENT,تنسيق فازة زهور,UNIQUE FLOWER WITH WHITE POT,زهور فريدة مع أصيص أبيض,Unique floral display in a white pot.,عرض زهور فريد في أصيص أبيض.,350,60,Greeting Card,بطاقة تهنئة
606,FLOWER VASE ARRANGEMENT,تنسيق فازة زهور,vase arrangement orange and mix flowers,تنسيق فازة زهور برتقالية ومتنوعة,Arrangement featuring orange and various flowers.,تنسيق يضم زهوراً برتقالية ومتنوعة.,350,60,Greeting Card,بطاقة تهنئة
607,FLOWER VASE ARRANGEMENT,تنسيق فازة زهور,vase arrangement pink color arrangement,تنسيق فازة زهور وردية,A delicate arrangement of pink flowers in a vase.,تنسيق رقيق من الزهور الوردية في فازة.,370,60,Greeting Card,بطاقة تهنئة
608,FLOWER VASE ARRANGEMENT,تنسيق فازة زهور,vase arrangement red and white fresh flowers,تنسيق فازة زهور حمراء وبيضاء طازجة,Fresh red and white flowers arranged beautifully in a vase.,زهور حمراء وبيضاء طازجة مرتبة بجمال في فازة.,170,60,Greeting Card,بطاقة تهنئة
609,FLOWER VASE ARRANGEMENT,تنسيق فازة زهور,vase arrangement white rose mix,تنسيق فازة مزيج ورد أبيض,A mix of white roses arranged in a vase.,مزيج من الورود البيضاء مرتبة في فازة.,330,60,Greeting Card,بطاقة تهنئة
610,FLOWER VASE ARRANGEMENT,تنسيق فازة زهور,vase arrangement white special beautiful arrangement,تنسيق فازة زهور بيضاء خاصة وجميلة,A special and beautiful white floral arrangement in a vase.,تنسيق زهور بيضاء خاص وجميل في فازة.,320,60,Greeting Card,بطاقة تهنئة
611,FLOWER VASE ARRANGEMENT,تنسيق فازة زهور,Warm Wish flower vase,فازة زهور الأمنيات الدافئة,A warm and inviting floral arrangement in a vase.,تنسيق زهور دافئ وجذاب في فازة.,420,60,Greeting Card,بطاقة تهنئة
612,FLOWER VASE ARRANGEMENT,تنسيق فازة زهور,WHITE AND PURPLE FLOWER MIX WITH VASE,مزيج زهور بيضاء وبنفسجية مع فازة,A mix of white and purple flowers in a vase.,مزيج من الزهور البيضاء والبنفسجية في فازة.,330,60,Greeting Card,بطاقة تهنئة
613,FLOWER VASE ARRANGEMENT,تنسيق فازة زهور,WHITE MIX FLOWER WITH BLUE VASE,زهور بيضاء مشكلة مع فازة زرقاء,Mixed white flowers presented in a blue vase.,زهور بيضاء مشكلة مقدمة في فازة زرقاء.,320,60,Greeting Card,بطاقة تهنئة
614,FLOWER VASE ARRANGEMENT,تنسيق فازة زهور,WHITE MIX FLOWER WITH LONG VASE,زهور بيضاء مشكلة مع فازة طويلة,Mixed white flowers in a long elegant vase.,زهور بيضاء مشكلة في فازة طويلة أنيقة.,750,60,Greeting Card,بطاقة تهنئة
615,FLOWER VASE ARRANGEMENT,تنسيق فازة زهور,WHITE MIX FLOWER WITH PRIMIUM VASE,زهور بيضاء مشكلة مع فازة فاخرة,Mixed white flowers in a premium vase.,زهور بيضاء مشكلة في فازة فاخرة.,420,60,Greeting Card,بطاقة تهنئة
616,FLOWER VASE ARRANGEMENT,تنسيق فازة زهور,WHITE MIX FLOWER WITH VASE,زهور بيضاء مشكلة مع فازة,Mixed white flowers arranged in a vase.,زهور بيضاء مشكلة مرتبة في فازة.,220,60,Greeting Card,بطاقة تهنئة
617,FLOWER VASE ARRANGEMENT,تنسيق فازة زهور,WHITE FLOWER WITH CLEAR VASE,زهور بيضاء مع فازة شفافة,White flowers displayed in a clear glass vase.,زهور بيضاء معروضة في فازة زجاجية شفافة.,580,60,Greeting Card,بطاقة تهنئة
618,FLOWER VASE ARRANGEMENT,تنسيق فازة زهور,WHITE LILLY WITH VASE,زنبق أبيض مع فازة,Elegant white lilies in a vase.,زنابق بيضاء أنيقة في فازة.,320,60,Greeting Card,بطاقة تهنئة
619,FLOWER VASE ARRANGEMENT,تنسيق فازة زهور,WHITE MIX FLOWER WITH WHITE VASE,زهور بيضاء مشكلة مع فازة بيضاء,Mixed white flowers in a white vase.,زهور بيضاء مشكلة في فازة بيضاء.,320,60,Greeting Card,بطاقة تهنئة
620,FLOWER VASE ARRANGEMENT,تنسيق فازة زهور,WHITE ROSE AND SPECIAL FLOWER MIX WITH VASE,ورد أبيض ومزيج زهور خاص مع فازة,White roses and special mixed flowers in a vase.,ورود بيضاء ومزيج زهور خاص في فازة.,350,60,Greeting Card,بطاقة تهنئة
621,FLOWER VASE ARRANGEMENT,تنسيق فازة زهور,WHITE ROSE WITH BLACK VASE,ورد أبيض مع فازة سوداء,White roses arranged in a black vase.,ورود بيضاء مرتبة في فازة سوداء.,550,60,Greeting Card,بطاقة تهنئة
622,FLOWER VASE ARRANGEMENT,تنسيق فازة زهور,YELLOW FLOWERS MIX WITH CLEAR VASE,مزيج زهور صفراء مع فازة شفافة,Yellow mixed flowers in a clear vase.,مزيج من الزهور الصفراء في فازة شفافة.,300,60,Greeting Card,بطاقة تهنئة
623,FLOWER VASE ARRANGEMENT,تنسيق فازة زهور,YELLOWISH FLOWER MIX WITH CLEAR VASE,مزيج زهور مائل للأصفر مع فازة شفافة,Yellowish mixed flowers in a clear vase.,زهور مائلة للأصفر في فازة شفافة.,330,60,Greeting Card,بطاقة تهنئة
624,FLOWER WITH PERFUMES,زهور مع عطور,LUXURY PERFUME WITH FLOWER ARRANGEMENT,عطر فاخر مع تنسيق زهور,A luxurious perfume bottle set within a beautiful floral arrangement.,زجاجة عطر فاخرة موضوعة داخل تنسيق زهور جميل.,320,60,Greeting Card,بطاقة تهنئة
625,FLOWER WITH PERFUMES,زهور مع عطور,LUXURY PERFUME WITH FLOWER PREMIUM ARRANGEMENT,عطر فاخر مع تنسيق زهور مميز,Premium floral arrangement accompanying a luxury perfume.,تنسيق زهور مميز يرافق عطراً فاخراً.,340,60,Greeting Card,بطاقة تهنئة
626,FLOWER WITH PERFUMES,زهور مع عطور,Luxury perfume with Royal Flower Arrangement,عطر فاخر مع تنسيق زهور ملكي,Royal-style floral arrangement paired with luxury perfume.,تنسيق زهور على الطراز الملكي مع عطر فاخر.,560,60,Greeting Card,بطاقة تهنئة
627,FLOWER WITH PERFUMES,زهور مع عطور,PETALS & PERFUME NO-103,بتلات وعطر رقم 103,A delicate mix of petals and fine perfume.,مزيج رقيق من البتلات والعطر الفاخر.,320,60,Greeting Card,بطاقة تهنئة
628,FLOWER WITH PERFUMES,زهور مع عطور,PINK AND BEIGE FLOWER LUXURY PERFUME ARRANGEMENT,تنسيق عطر فاخر زهور وردية وبيج,Luxury arrangement featuring pink and beige tones.,تنسيق فاخر يضم درجات الوردي والبيج.,360,60,Greeting Card,بطاقة تهنئة
629,FLOWER WITH PERFUMES,زهور مع عطور,PINK ROSE WITH LUXURY PERFUME,ورد وردي مع عطر فاخر,Pink roses beautifully presented with luxury perfume.,ورد وردي مقدم بجمال مع عطر فاخر.,360,60,Greeting Card,بطاقة تهنئة
630,FLOWER WITH PERFUMES,زهور مع عطور,PINK ROSE WITH LUXURY PERFUME,ورد وردي مع عطر فاخر,Another elegant presentation of pink roses and luxury perfume.,عرض أنيق آخر لورود وردية وعطر فاخر.,320,60,Greeting Card,بطاقة تهنئة
631,FLOWER WITH PERFUMES,زهور مع عطور,PINKISH BRAND LUXURY FLOWER ARRANGEMENT,تنسيق زهور فاخر بطابع وردي,Brand-style luxury arrangement in pinkish hues.,تنسيق فاخر بأسلوب العلامات التجارية وبدرجات وردية.,320,60,Greeting Card,بطاقة تهنئة
632,FLOWER WITH PERFUMES,زهور مع عطور,PREMIUM PINKISH THEMED PERFUME ARRANGEMEMNT,تنسيق عطر بطابع وردي فاخر,Premium perfume arrangement with a pinkish theme.,تنسيق عطر فاخر بطابع وردي.,680,60,Greeting Card,بطاقة تهنئة
633,FLOWER WITH PERFUMES,زهور مع عطور,PURPLE ROSE AND LUXURY PERFUME,ورد بنفسجي وعطر فاخر,Deep purple roses paired with a luxury perfume bottle.,ورود بنفسجية عميقة مع زجاجة عطر فاخرة.,290,60,Greeting Card,بطاقة تهنئة
634,FLOWER WITH PERFUMES,زهور مع عطور,RED AND GOLD MERGE PERFUME ARRANGEMENT,تنسيق عطر مزيج أحمر وذهبي,Festive red and gold floral mix with luxury perfume.,مزيج احتفالي من الزهور الحمراء والذهبية مع عطر فاخر.,290,60,Greeting Card,بطاقة تهنئة
635,FLOWER WITH PERFUMES,زهور مع عطور,RED AND WHITE OUD AND ROSE PERFUME ARRANGEMENT,تنسيق عطر عود وورد أحمر وأبيض,Classic red and white roses with Oud-based perfume.,ورود حمراء وبيضاء كلاسيكية مع عطر بالعود.,340,60,Greeting Card,بطاقة تهنئة
636,FLOWER WITH PERFUMES,زهور مع عطور,ROMANCE IN BLOOM NO-105,رومانسية مزدهرة رقم 105,A romantic floral display featuring fine perfume.,عرض زهور رومانسي يضم عطراً فاخراً.,320,60,Greeting Card,بطاقة تهنئة
637,FLOWER WITH PERFUMES,زهور مع عطور,ROYAL BLOOM PERFUME SET NO-102,مجموعة عطر رويال بلوم رقم 102,A royal bloom perfume set with matching floral accents.,مجموعة عطر رويال بلوم مع لمسات زهور متناسقة.,320,60,Greeting Card,بطاقة تهنئة
638,FLOWER WITH PERFUMES,زهور مع عطور,ROYAL PERFUME WITH FLOWER ARRANGEMENT,عطر ملكي مع تنسيق زهور,Regal perfume set with a sophisticated floral base.,مجموعة عطر ملكية مع قاعدة زهور راقية.,380,60,Greeting Card,بطاقة تهنئة
639,FLOWER WITH PERFUMES,زهور مع عطور,WHITE BEAUTY MERGE PERFUME ARRANGEMENT,تنسيق عطر مزيج الجمال الأبيض,Stunning white flowers merged with a fine perfume.,زهور بيضاء مذهلة مدمجة مع عطر فاخر.,290,60,Greeting Card,بطاقة تهنئة
640,FLOWER WITH PERFUMES,زهور مع عطور,WHITE MIX FLOWER WITH LUXURY PERFUME,زهور بيضاء مشكلة مع عطر فاخر,A mix of white flowers accented by luxury perfume.,مزيج من الزهور البيضاء مع عطر فاخر.,520,60,Greeting Card,بطاقة تهنئة
641,FLOWER WITH PERFUMES,زهور مع عطور,WHITE ROSE AND LUXURY PERFUME,ورد أبيض وعطر فاخر,Classic white roses paired with a luxury perfume bottle.,ورود بيضاء كلاسيكية مع زجاجة عطر فاخرة.,320,60,Greeting Card,بطاقة تهنئة
642,FLOWER WITH PERFUMES,زهور مع عطور,WHITISH ARRANGEMENT WITH BRANDED PERFUME,تنسيق أبيض مع عطر ماركة,Whitish floral display featuring a branded perfume.,عرض زهور بالألوان البيضاء يضم عطراً ذا علامة تجارية.,560,60,Greeting Card,بطاقة تهنئة
643,FLOWER WITH PERFUMES,زهور مع عطور,YELLOW AND RED ROSE WITH LUXURY PERFUME,ورد أصفر وأحمر مع عطر فاخر,A bright yellow and red rose mix with luxury perfume.,مزيج من الورد الأصفر والأحمر الزاهي مع عطر فاخر.,320,60,Greeting Card,بطاقة تهنئة
644,FLOWER WITH WATCH,زهور مع ساعة,10 ROSES WITH PRECIOUS GIFT WATCH NO-3010,10 ورد مع ساعة هدايا ثمينة رقم 3010,A elegant bouquet of 10 roses paired with a precious gift watch.,باقة أنيقة من 10 وردات مع ساعة هدايا ثمينة.,220,60,Greeting Card,بطاقة تهنئة
645,FLOWER WITH WATCH,زهور مع ساعة,10 ROSES WITH PRECIOUS GIFT WATCH NO-3011,10 ورد مع ساعة هدايا ثمينة رقم 3011,10 roses bundled with a luxury gift watch.,10 وردات مع ساعة هدايا فاخرة.,220,60,Greeting Card,بطاقة تهنئة
646,FLOWER WITH WATCH,زهور مع ساعة,20 ROSES WITH PRECIOUS GIFT WATCH NO-3000,20 ورد مع ساعة هدايا ثمينة رقم 3000,A bouquet of 20 roses accompanied by a precious gift watch.,باقة من 20 وردة مع ساعة هدايا ثمينة.,320,60,Greeting Card,بطاقة تهنئة
647,FLOWER WITH WATCH,زهور مع ساعة,20 ROSES WITH PRECIOUS GIFT WATCH NO-3002,20 ورد مع ساعة هدايا ثمينة رقم 3002,A bouquet of 20 roses paired with a luxury gift watch.,باقة من 20 وردة مع ساعة هدايا فاخرة.,320,60,Greeting Card,بطاقة تهنئة
648,FLOWER WITH WATCH,زهور مع ساعة,20 ROSES WITH PRECIOUS GIFT WATCH NO-3004,20 ورد مع ساعة هدايا ثمينة رقم 3004,20 roses with a premium gift watch.,20 وردة مع ساعة هدايا مميزة.,320,60,Greeting Card,بطاقة تهنئة
649,FLOWER WITH WATCH,زهور مع ساعة,20 ROSES WITH PRECIOUS GIFT WATCH NO-3007,20 ورد مع ساعة هدايا ثمينة رقم 3007,A beautiful bouquet of 20 roses with a gift watch.,باقة جميلة من 20 وردة مع ساعة هدايا.,320,60,Greeting Card,بطاقة تهنئة
650,FLOWER WITH WATCH,زهور مع ساعة,20 ROSES WITH PRECIOUS GIFT WATCH NO-3008,20 ورد مع ساعة هدايا ثمينة رقم 3008,A bouquet of 20 roses paired with a gift watch.,باقة من 20 وردة مع ساعة هدايا.,320,60,Greeting Card,بطاقة تهنئة
651,FLOWER WITH WATCH,زهور مع ساعة,20 WHITE ROSES WITH PRECIOUS GIFT WATCH FOR MEN NO-3001,20 ورد أبيض مع ساعة هدايا ثمينة للرجال رقم 3001,20 white roses with a special gift watch for men.,20 وردة بيضاء مع ساعة هدايا خاصة للرجال.,320,60,Greeting Card,بطاقة تهنئة
652,FLOWER WITH WATCH,زهور مع ساعة,30 MIX ROSES WITH PRECIOUS GIFT WATCH NO-3007,30 ورد مشكل مع ساعة هدايا ثمينة رقم 3007,A large bouquet of 30 mixed roses with a gift watch.,باقة كبيرة من 30 وردة مشكلة مع ساعة هدايا.,420,60,Greeting Card,بطاقة تهنئة
653,FLOWER WITH WATCH,زهور مع ساعة,30 ROSES WITH PRECIOUS GIFT WATCH NO-3003,30 ورد مع ساعة هدايا ثمينة رقم 3003,30 roses bundled with a precious gift watch.,30 وردة مع ساعة هدايا ثمينة.,420,60,Greeting Card,بطاقة تهنئة
654,FLOWER WITH WATCH,زهور مع ساعة,30 ROSES WITH PRECIOUS GIFT WATCH NO-3005,30 ورد مع ساعة هدايا ثمينة رقم 3005,A grand bouquet of 30 roses with a gift watch.,باقة كبيرة من 30 وردة مع ساعة هدايا.,420,60,Greeting Card,بطاقة تهنئة
655,FLOWER WITH WATCH,زهور مع ساعة,30 ROSES WITH PRECIOUS GIFT WATCH NO-3006,30 ورد مع ساعة هدايا ثمينة رقم 3006,30 roses accompanied by a luxury gift watch.,30 وردة مع ساعة هدايا فاخرة.,420,60,Greeting Card,بطاقة تهنئة
656,FLOWER WITH WATCH,زهور مع ساعة,30 ROSES WITH PRECIOUS GIFT WATCH NO-3009,30 ورد مع ساعة هدايا ثمينة رقم 3009,30 roses bundled with a luxury gift watch.,30 وردة مع ساعة هدايا فاخرة.,420,60,Greeting Card,بطاقة تهنئة
657,FLOWER WITH GIFTS,زهور مع هدايا,10 Lilly Bunch with Rahash No-311,باقة 10 زنابق مع رهاش رقم 311,A elegant bunch of 10 lilies paired with a free Rahash treat.,باقة أنيقة من 10 زنابق يرافقه رهاش مجاني.,240,60,Greeting Card,بطاقة تهنئة
658,FLOWER WITH GIFTS,زهور مع هدايا,10 Pink Lilly Bunch with Rahash Free No-312,باقة 10 زنابق وردية مع رهاش مجاني رقم 312,10 pink lilies bundled with complimentary Rahash.,10 زنابق وردية مع رهاش مجاني.,240,60,Greeting Card,بطاقة تهنئة
659,FLOWER WITH GIFTS,زهور مع هدايا,10 Pink White Lilly with Free Rahash No-313,10 زنابق وردية وبيضاء مع رهاش مجاني رقم 313,A mix of 10 pink and white lilies with free Rahash.,مزيج من 10 زنابق وردية وبيضاء مع رهاش مجاني.,240,60,Greeting Card,بطاقة تهنئة
660,FLOWER WITH GIFTS,زهور مع هدايا,10 ROSES WITH PRECIOUS GIFT WATCH NO-3010,10 وردات مع ساعة هدايا ثمينة رقم 3010,10 premium roses accompanied by a precious gift watch.,10 وردات فاخرة يرافقها ساعة هدايا ثمينة.,220,60,Greeting Card,بطاقة تهنئة
661,FLOWER WITH GIFTS,زهور مع هدايا,10 ROSES WITH PRECIOUS GIFT WATCH NO-3011,10 وردات مع ساعة هدايا ثمينة رقم 3011,A bouquet of 10 roses paired with a precious gift watch.,باقة من 10 وردات مع ساعة هدايا ثمينة.,220,60,Greeting Card,بطاقة تهنئة
662,FLOWER WITH GIFTS,زهور مع هدايا,20 Blue Rose with free Rahash No-300,20 وردة زرقاء مع رهاش مجاني رقم 300,20 vibrant blue roses with a free Rahash gift.,20 وردة زرقاء زاهية مع هدية رهاش مجانية.,240,60,Greeting Card,بطاقة تهنئة
663,FLOWER WITH GIFTS,زهور مع هدايا,20 Fuchia with Free Rahash no-301,20 وردة فوشيا مع رهاش مجاني رقم 301,20 fuchsia roses paired with a complimentary Rahash.,20 وردة فوشيا يرافقها رهاش مجاني.,240,60,Greeting Card,بطاقة تهنئة
664,FLOWER WITH GIFTS,زهور مع هدايا,20 Mix Rose with free Rahash No-306,20 وردة مشكلة مع رهاش مجاني رقم 306,A mix of 20 roses with a free Rahash treat.,مزيج من 20 وردة مع رهاش مجاني.,240,60,Greeting Card,بطاقة تهنئة
665,FLOWER WITH GIFTS,زهور مع هدايا,20 Mix Rose with Free Rahash No-309,20 وردة مشكلة مع رهاش مجاني رقم 309,20 mixed colored roses with a complimentary Rahash.,20 وردة بألوان مشكلة مع رهاش مجاني.,240,60,Greeting Card,بطاقة تهنئة
666,FLOWER WITH GIFTS,زهور مع هدايا,20 Orange Rose with free Rahash No-303,20 وردة برتقالية مع رهاش مجاني رقم 303,20 stunning orange roses with a free Rahash.,20 وردة برتقالية مذهلة مع رهاش مجاني.,240,60,Greeting Card,بطاقة تهنئة
667,FLOWER WITH GIFTS,زهور مع هدايا,20 Pink and White Rose with Free Rahash No-308,20 وردة وردية وبيضاء مع رهاش مجاني رقم 308,20 pink and white roses paired with a free Rahash.,20 وردة وردية وبيضاء يرافقها رهاش مجاني.,240,60,Greeting Card,بطاقة تهنئة
668,FLOWER WITH GIFTS,زهور مع هدايا,20 Purple Rose with free Rahash No-305,20 وردة بنفسجية مع رهاش مجاني رقم 305,20 elegant purple roses with a complimentary Rahash.,20 وردة بنفسجية أنيقة مع رهاش مجاني.,240,60,Greeting Card,بطاقة تهنئة
669,FLOWER WITH GIFTS,زهور مع هدايا,20 Red Rose with free Rahash no-302,20 وردة حمراء مع رهاش مجاني رقم 302,20 classic red roses with a free Rahash gift.,20 وردة حمراء كلاسيكية مع هدية رهاش مجانية.,240,60,Greeting Card,بطاقة تهنئة
670,FLOWER WITH GIFTS,زهور مع هدايا,20 ROSES WITH PRECIOUS GIFT WATCH (1),20 وردة مع ساعة هدايا ثمينة (1),20 roses paired with a luxury gift watch.,20 وردة يرافقها ساعة هدايا فاخرة.,320,60,Greeting Card,بطاقة تهنئة
671,FLOWER WITH GIFTS,زهور مع هدايا,20 ROSES WITH PRECIOUS GIFT WATCH (2),20 وردة مع ساعة هدايا ثمينة (2),Another elegant option of 20 roses with a gift watch.,خيار آخر أنيق من 20 وردة مع ساعة هدايا.,320,60,Greeting Card,بطاقة تهنئة
672,FLOWER WITH GIFTS,زهور مع هدايا,20 ROSES WITH PRECIOUS GIFT WATCH (3),20 وردة مع ساعة هدايا ثمينة (3),20 beautiful roses bundled with a gift watch.,20 وردة جميلة يرافقها ساعة هدايا.,320,60,Greeting Card,بطاقة تهنئة
673,FLOWER WITH GIFTS,زهور مع هدايا,20 ROSES WITH PRECIOUS GIFT WATCH (4),20 وردة مع ساعة هدايا ثمينة (4),A bouquet of 20 roses with a luxury gift watch.,باقة من 20 وردة مع ساعة هدايا فاخرة.,320,60,Greeting Card,بطاقة تهنئة
674,FLOWER WITH GIFTS,زهور مع هدايا,20 ROSES WITH PRECIOUS GIFT WATCH (5),20 وردة مع ساعة هدايا ثمينة (5),20 roses with a precious gift watch.,20 وردة مع ساعة هدايا ثمينة.,320,60,Greeting Card,بطاقة تهنئة
675,FLOWER WITH GIFTS,زهور مع هدايا,20 White Rose with free Rahash No-304,20 وردة بيضاء مع رهاش مجاني رقم 304,A beautiful bunch of 20 white roses paired with a free Rahash treat.,باقة جميلة من 20 وردة بيضاء يرافقها رهاش مجاني.,240,60,Greeting Card,بطاقة تهنئة
676,FLOWER WITH GIFTS,زهور مع هدايا,20 WHITE ROSES WITH PRECIOUS GIFT WATCH FOR MEN NO-3001,20 وردة بيضاء مع ساعة هدايا ثمينة للرجال رقم 3001,20 white roses bundled with a special gift watch for men.,20 وردة بيضاء يرافقها ساعة هدايا خاصة للرجال.,320,60,Greeting Card,بطاقة تهنئة
677,FLOWER WITH GIFTS,زهور مع هدايا,20 Yellow and white rose with Free Rahash No-307,20 وردة صفراء وبيضاء مع رهاش مجاني رقم 307,A mix of 20 yellow and white roses with complimentary Rahash.,مزيج من 20 وردة صفراء وبيضاء مع رهاش مجاني.,240,60,Greeting Card,بطاقة تهنئة
678,FLOWER WITH GIFTS,زهور مع هدايا,20 Yellow Rose with Free Rahash No-310,20 وردة صفراء مع رهاش مجاني رقم 310,20 stunning yellow roses accompanied by a free Rahash.,20 وردة صفراء مذهلة يرافقها رهاش مجاني.,240,60,Greeting Card,بطاقة تهنئة
679,FLOWER WITH GIFTS,زهور مع هدايا,30 MIX ROSES WITH PRECIOUS GIFT WATCH NO-3007,30 وردة مشكلة مع ساعة هدايا ثمينة رقم 3007,A large bouquet of 30 mixed roses with a precious gift watch.,باقة كبيرة من 30 وردة مشكلة مع ساعة هدايا ثمينة.,420,60,Greeting Card,بطاقة تهنئة
680,FLOWER WITH GIFTS,زهور مع هدايا,30 ROSES WITH PRECIOUS GIFT WATCH NO-3003,30 وردة مع ساعة هدايا ثمينة رقم 3003,A bouquet of 30 elegant roses paired with a gift watch.,باقة من 30 وردة أنيقة يرافقها ساعة هدايا.,420,60,Greeting Card,بطاقة تهنئة
681,FLOWER WITH GIFTS,زهور مع هدايا,30 ROSES WITH PRECIOUS GIFT WATCH NO-3005,30 وردة مع ساعة هدايا ثمينة رقم 3005,A grand bouquet of 30 roses with a luxury gift watch.,باقة كبيرة من 30 وردة مع ساعة هدايا فاخرة.,420,60,Greeting Card,بطاقة تهنئة
682,FLOWER WITH GIFTS,زهور مع هدايا,30 ROSES WITH PRECIOUS GIFT WATCH NO-3006,30 وردة مع ساعة هدايا ثمينة رقم 3006,30 roses accompanied by a premium gift watch.,30 وردة يرافقها ساعة هدايا مميزة.,420,60,Greeting Card,بطاقة تهنئة
683,FLOWER WITH GIFTS,زهور مع هدايا,30 ROSES WITH PRECIOUS GIFT WATCH NO-3009,30 وردة مع ساعة هدايا ثمينة رقم 3009,30 roses bundled with a precious gift watch.,30 وردة يرافقها ساعة هدايا ثمينة.,420,60,Greeting Card,بطاقة تهنئة
684,FLOWER WITH GIFTS,زهور مع هدايا,A BLUEBERRY THEME CAKE AND PURPLE ROSE BUNCH,كيك بطابع التوت الأزرق وباقة ورد بنفسجية,A blueberry-themed cake with a purple rose bunch.,كيك بطابع التوت الأزرق مع باقة ورد بنفسجية.,370,60,Greeting Card,بطاقة تهنئة
685,FLOWER WITH GIFTS,زهور مع هدايا,A pinkish theme CAKE WITH PINK AND PEACH ROSE MIX,كيك بطابع وردي مع مزيج ورد وردي وخوخي,A pink-themed cake paired with pink and peach roses.,كيك بطابع وردي مع مزيج من الورود الوردية والخوخية.,370,60,Greeting Card,بطاقة تهنئة
686,FLOWER WITH GIFTS,زهور مع هدايا,BABY BIKE WITH FLOWER BOUQUET NO-258,دراجة أطفال مع باقة زهور رقم 258,A cute baby bike gift set with a floral bouquet.,مجموعة هدايا دراجة أطفال لطيفة مع باقة زهور.,620,60,Greeting Card,بطاقة تهنئة
687,FLOWER WITH GIFTS,زهور مع هدايا,BABY BOY CYCLE WITH CHOCOLATE AND BLUE BOUQUET NO-258,دراجة طفل مع شوكولاتة وباقة زرقاء رقم 258,Baby boy cycle with chocolates and a blue bouquet.,دراجة طفل مع شوكولاتة وباقة زهور زرقاء.,520,60,Greeting Card,بطاقة تهنئة
688,FLOWER WITH GIFTS,زهور مع هدايا,BABY BOY CYCLE WITH ROSE BOUQUET NO-256,دراجة طفل مع باقة ورد رقم 256,Baby boy cycle paired with a rose bouquet.,دراجة طفل يرافقها باقة ورد.,620,60,Greeting Card,بطاقة تهنئة
689,FLOWER WITH GIFTS,زهور مع هدايا,BABY CYCLE WITH CHOLATE AND BOUQUET NO-257,دراجة طفل مع شوكولاتة وباقة رقم 257,Baby cycle gift set with chocolates and a bouquet.,مجموعة هدايا دراجة طفل مع شوكولاتة وباقة.,520,60,Greeting Card,بطاقة تهنئة
690,FLOWER WITH GIFTS,زهور مع هدايا,BABY GARDEN SWEET RIDE NO-259,رحلة الحديقة الجميلة للطفل رقم 259,Baby bike set with a floral arrangement.,مجموعة دراجة أطفال مع تنسيق زهور.,520,60,Greeting Card,بطاقة تهنئة
691,FLOWER WITH GIFTS,زهور مع هدايا,BABY GIRL BIKE WITH PINK ROSE BOUQUET NO-261,دراجة طفلة مع باقة ورد وردي رقم 261,Baby girl bike gift set with a pink rose bouquet.,مجموعة هدايا دراجة طفلة مع باقة ورد وردي.,620,60,Greeting Card,بطاقة تهنئة
692,FLOWER WITH GIFTS,زهور مع هدايا,baby green cycle & CHOCOLATE box with flower bouquet NO-251,دراجة طفل خضراء وصندوق شوكولاتة مع باقة زهور رقم 251,"Baby green cycle, chocolates, and a floral bouquet.",دراجة طفل خضراء، شوكولاتة، وباقة زهور.,620,60,Greeting Card,بطاقة تهنئة
693,FLOWER WITH GIFTS,زهور مع هدايا,BABY pink cycle & CHOCOLATE box with flower bouquet NO-256,دراجة أطفال وردية وصندوق شوكولاتة مع باقة زهور رقم 256,Baby pink cycle with chocolates and a floral bouquet.,دراجة أطفال وردية مع شوكولاتة وباقة زهور.,620,60,Greeting Card,بطاقة تهنئة
694,FLOWER WITH GIFTS,زهور مع هدايا,BABY YELLOW BYKE WITH FLOWER BOUQUET AND CHOCOLATE NO-202,دراجة أطفال صفراء مع باقة زهور وشوكولاتة رقم 202,Baby yellow cycle with chocolates and a floral bouquet.,دراجة أطفال صفراء مع شوكولاتة وباقة زهور.,520,60,Greeting Card,بطاقة تهنئة
695,FLOWER WITH GIFTS,زهور مع هدايا,BIRTHDAY CAKE WITH FLOWER BOUQUET,كيك عيد ميلاد مع باقة زهور,A festive birthday cake paired with a beautiful floral bouquet.,كيك عيد ميلاد احتفالي يرافقه باقة زهور جميلة.,370,60,Greeting Card,بطاقة تهنئة
696,FLOWER WITH GIFTS,زهور مع هدايا,BRANDED PERFUME WITH PINK ROSE BOUQUET NO-104,عطر ماركة مع باقة ورد وردي رقم 104,Luxury branded perfume with an elegant pink rose bouquet.,عطر فاخر ذو علامة تجارية مع باقة ورد وردي أنيقة.,390,60,Greeting Card,بطاقة تهنئة
697,FLOWER WITH GIFTS,زهور مع هدايا,BRANDED PERFUME WITH RED ROSE BOUQUET NO-103,عطر ماركة مع باقة ورد أحمر رقم 103,Branded perfume set with a classic red rose bouquet.,عطر فاخر مع باقة ورد أحمر كلاسيكية.,390,60,Greeting Card,بطاقة تهنئة
698,FLOWER WITH GIFTS,زهور مع هدايا,bycycle with orange flower bouquet NO-204,دراجة مع باقة زهور برتقالية رقم 204,Miniature cycle gift set with an orange floral bouquet.,مجموعة هدايا دراجة صغيرة مع باقة زهور برتقالية.,720,60,Greeting Card,بطاقة تهنئة
699,FLOWER WITH GIFTS,زهور مع هدايا,CAKE SPECIAL FRUIT THEME WITH FLOWER BOUQUET,كيك بطابع فواكه خاص مع باقة زهور,Fruit-themed special cake with a matching floral bouquet.,كيك خاص بطابع الفواكه مع باقة زهور متناسقة.,270,60,Greeting Card,بطاقة تهنئة
700,FLOWER WITH GIFTS,زهور مع هدايا,cake with red and white rose bunches,كيك مع باقات ورد أحمر وأبيض,Festive cake accompanied by red and white rose bunches.,كيك احتفالي يرافقه باقات من الورود الحمراء والبيضاء.,270,60,Greeting Card,بطاقة تهنئة
701,FLOWER WITH GIFTS,زهور مع هدايا,CAKE WITH ROSE BOUQUET,كيك مع باقة ورد,A delicious cake paired with a rose bouquet.,كيك لذيذ يرافقه باقة ورد.,320,60,Greeting Card,بطاقة تهنئة
702,FLOWER WITH GIFTS,زهور مع هدايا,CHOCO CAKE WITH RED ROSE BOUQUET,كيك شوكولاتة مع باقة ورد أحمر,Rich chocolate cake with a red rose bouquet.,كيك شوكولاتة غني مع باقة ورد أحمر.,340,60,Greeting Card,بطاقة تهنئة
703,FLOWER WITH GIFTS,زهور مع هدايا,CHOCOLATE CAKE WITH FLOWER BOUQUET,كيك شوكولاتة مع باقة زهور,A chocolate cake set with a mixed flower bouquet.,مجموعة كيك شوكولاتة مع باقة زهور مشكلة.,340,60,Greeting Card,بطاقة تهنئة
704,FLOWER WITH GIFTS,زهور مع هدايا,CHOCOLATE MELTED CAKE WITH FLOWER BOUQUET,كيك شوكولاتة ذائبة مع باقة زهور,Melted chocolate cake presented with a floral bouquet.,كيك شوكولاتة ذائبة مقدم مع باقة زهور.,340,60,Greeting Card,بطاقة تهنئة
705,FLOWER WITH GIFTS,زهور مع هدايا,CYCLE WITH ROSE BOUQUET NO-206,دراجة مع باقة ورد رقم 206,Decorative cycle gift set with a rose bouquet.,مجموعة هدايا دراجة ديكورية مع باقة ورد.,820,60,Greeting Card,بطاقة تهنئة
706,FLOWER WITH GIFTS,زهور مع هدايا,DIARYMILK WITH RED ROSES NO-5074,شوكولاتة ديري ميلك مع ورود حمراء رقم 5074,A classic Diarymilk chocolate set with red roses.,مجموعة شوكولاتة ديري ميلك كلاسيكية مع ورود حمراء.,190,60,Greeting Card,بطاقة تهنئة
707,FLOWER WITH GIFTS,زهور مع هدايا,FARRERO AND GYPSO BOUQUET NO-5067,باقة فيريرو وجيبسو رقم 5067,A unique Ferrero Rocher and Gypso floral bouquet.,باقة فريدة من نوعها من فيريرو روشيه وجيبسو.,190,60,Greeting Card,بطاقة تهنئة
708,FLOWER WITH GIFTS,زهور مع هدايا,FARRERO CHOCOLATE BOX NO-5078,صندوق شوكولاتة فيريرو رقم 5078,A luxury Ferrero chocolate box arrangement.,تنسيق صندوق شوكولاتة فيريرو فاخر.,220,60,Greeting Card,بطاقة تهنئة
709,FLOWER WITH GIFTS,زهور مع هدايا,FLOWER HAND BOUQUET WITH CHOCOLATE MIX NO-5069,بوكيه يد زهور مع شوكولاتة مشكلة رقم 5069,Hand bouquet of mixed flowers with chocolates.,بوكيه يد من الزهور المشكلة مع شوكولاتة.,210,60,Greeting Card,بطاقة تهنئة
710,FLOWER WITH GIFTS,زهور مع هدايا,fuchia Rose Bouquet With Free Rahash No-318,باقة ورد فوشيا مع رهاش مجاني رقم 318,A vibrant fuchsia rose bouquet paired with a free Rahash.,باقة ورد فوشيا زاهية يرافقها رهاش مجاني.,180,60,Greeting Card,بطاقة تهنئة
711,FLOWER WITH GIFTS,زهور مع هدايا,Gerbera Bouquet with Free Rahash No-315,باقة جربيرا مع رهاش مجاني رقم 315,A vibrant Gerbera bouquet bundled with a complimentary Rahash treat.,باقة جربيرا زاهية يرافقها رهاش مجاني.,190,60,Greeting Card,بطاقة تهنئة
712,FLOWER WITH GIFTS,زهور مع هدايا,Lilly Bouquet with Free Rahash No-314,باقة زنابق مع رهاش مجاني رقم 314,Elegant lily bouquet paired with a free Rahash gift.,باقة زنابق أنيقة مع هدية رهاش مجانية.,240,60,Greeting Card,بطاقة تهنئة
713,FLOWER WITH GIFTS,زهور مع هدايا,LILY WHITE ROSES MIX BOUQUET NO-1037,باقة زنابق وورود بيضاء مشكلة رقم 1037,A sophisticated mix of white lilies and roses.,مزيج راقٍ من الزنابق والورود البيضاء.,210,60,Greeting Card,بطاقة تهنئة
714,FLOWER WITH GIFTS,زهور مع هدايا,LUXURY PERFUME WITH FLOWER ARRANGEMENT,عطر فاخر مع تنسيق زهور,A luxury perfume bottle set within a beautiful floral arrangement.,زجاجة عطر فاخرة موضوعة داخل تنسيق زهور جميل.,340,60,Greeting Card,بطاقة تهنئة
715,FLOWER WITH GIFTS,زهور مع هدايا,LUXURY PERFUME WITH FLOWER PREMIUM ARRANGEMENT,عطر فاخر مع تنسيق زهور مميز,Premium floral arrangement accompanying a luxury perfume.,تنسيق زهور مميز يرافق عطراً فاخراً.,340,60,Greeting Card,بطاقة تهنئة
716,FLOWER WITH GIFTS,زهور مع هدايا,Luxury perfume with Royal Flower Arrangement,عطر فاخر مع تنسيق زهور ملكي,Royal-style floral arrangement paired with luxury perfume.,تنسيق زهور على الطراز الملكي مع عطر فاخر.,580,60,Greeting Card,بطاقة تهنئة
717,FLOWER WITH GIFTS,زهور مع هدايا,MIX FLOWER WITH DIARYMILK BOUQUET NO-5068,زهور مشكلة مع باقة ديري ميلك رقم 5068,A hand bouquet of mixed flowers with Diarymilk chocolates.,بوكيه يد من الزهور المشكلة مع شوكولاتة ديري ميلك.,190,60,Greeting Card,بطاقة تهنئة
718,FLOWER WITH GIFTS,زهور مع هدايا,NUTTY BUBBLE CAKE WITH RED FLOWER BOUQUET,كيك الفقاعات بالمكسرات مع باقة ورد أحمر,Festive nutty bubble cake paired with a red flower bouquet.,كيك احتفالي بالمكسرات مع باقة ورد أحمر.,320,60,Greeting Card,بطاقة تهنئة
719,FLOWER WITH GIFTS,زهور مع هدايا,perfume with rose bunch NO-101,عطر مع باقة ورد رقم 101,A classic bunch of roses paired with a fine perfume.,باقة ورد كلاسيكية يرافقها عطر فاخر.,320,60,Greeting Card,بطاقة تهنئة
720,FLOWER WITH GIFTS,زهور مع هدايا,PERFUME WITH WHITE ROSE BOUQUET NO-106,عطر مع باقة ورد أبيض رقم 106,Elegant white rose bouquet with luxury perfume.,باقة ورد أبيض أنيقة مع عطر فاخر.,320,60,Greeting Card,بطاقة تهنئة
721,FLOWER WITH GIFTS,زهور مع هدايا,PINK CHOCOLATE CAKE WITH FLOWER BOUQUET,كيك شوكولاتة وردي مع باقة زهور,A delicious pink-themed chocolate cake with a floral bouquet.,كيك شوكولاتة وردي لذيذ مع باقة زهور.,290,60,Greeting Card,بطاقة تهنئة
722,FLOWER WITH GIFTS,زهور مع هدايا,PINK COLOUR TULIP WITH CHOCOLATE,توليب وردي مع شوكولاتة,A soft pink tulip bouquet paired with gourmet chocolates.,باقة توليب وردي رقيق مع شوكولاتة فاخرة.,190,60,Greeting Card,بطاقة تهنئة
723,FLOWER WITH GIFTS,زهور مع هدايا,PINK ROSE BOUQUET WITH CHOCOLATE BOX,باقة ورد وردي مع صندوق شوكولاتة,Beautiful pink rose bouquet with a box of chocolates.,باقة ورد وردي جميلة مع صندوق شوكولاتة.,220,60,Greeting Card,بطاقة تهنئة
724,FLOWER WITH GIFTS,زهور مع هدايا,PISTACHIO CAKE WITH FLOWER BOUQUET,كيك فستق مع باقة زهور,Delicious pistachio cake paired with a mixed floral bouquet.,كيك فستق لذيذ يرافقه باقة زهور مشكلة.,320,60,Greeting Card,بطاقة تهنئة
725,FLOWER WITH GIFTS,زهور مع هدايا,PISTACHIO CAKE WITH ROSE BOUQUET,كيك فستق مع باقة ورد,A delightful pistachio cake with an elegant rose bouquet.,كيك فستق رائع مع باقة ورد أنيقة.,320,60,Greeting Card,بطاقة تهنئة
726,FLOWER WITH GIFTS,زهور مع هدايا,RAHASH 2KG,رهاش 2 كيلو,A 2kg box of delicious Rahash treat.,صندوق 2 كيلو من حلوى الرهاش اللذيذة.,150,60,Greeting Card,بطاقة تهنئة
727,FLOWER WITH GIFTS,زهور مع هدايا,RED ROSE BOUQUET WITH FARRERO CHOCO,باقة ورد أحمر مع شوكولاتة فيريرو,Classic red roses bundled with Ferrero chocolates.,ورود حمراء كلاسيكية مع شوكولاتة فيريرو.,340,60,Greeting Card,بطاقة تهنئة
728,FLOWER WITH GIFTS,زهور مع هدايا,RED ROSES WITH FARRERO CHOCOLATE MIX,ورود حمراء مع مزيج شوكولاتة فيريرو,Vibrant red roses paired with mixed Ferrero chocolates.,ورود حمراء زاهية يرافقها مزيج من شوكولاتة فيريرو.,190,60,Greeting Card,بطاقة تهنئة
729,FLOWER WITH GIFTS,زهور مع هدايا,Rose with Chocolate Bouquet No-5077,باقة الورد مع الشوكولاتة 5077,Red roses paired with gourmet chocolates.,ورد أحمر مقترن بشوكولاتة فاخرة.,250,60,Greeting Card,بطاقة تهنئة
730,FLOWER WITH GIFTS,زهور مع هدايا,Romance Branded Perfume with Purple Red Rose No-105,عطر ماركة رومانسي مع ورد أحمر وبنفسجي 105,Purple and red roses with a luxury branded perfume.,ورود بنفسجية وحمراء مع عطر ماركة فاخر.,320,60,Greeting Card,بطاقة تهنئة
731,FLOWER WITH GIFTS,زهور مع هدايا,Romance Red Bouquet with Chocolate No-5075,باقة رومانسية حمراء مع شوكولاتة 5075,A romantic red rose bouquet accompanied by chocolates.,باقة ورد أحمر رومانسي مصحوبة بالشوكولاتة.,220,60,Greeting Card,بطاقة تهنئة
732,FLOWER WITH GIFTS,زهور مع هدايا,Rose Flower with Chocolate Bouquet No-5073,باقة زهور الورد مع الشوكولاتة 5073,Beautiful roses presented with high-quality chocolates.,ورود جميلة مقدمة مع شوكولاتة عالية الجودة.,180,60,Greeting Card,بطاقة تهنئة
733,FLOWER WITH GIFTS,زهور مع هدايا,Royal Perfume with Blue Rose Bunch Set No-102,طقم عطر ملكي مع باقة ورد أزرق 102,Stunning blue roses set with a royal perfume.,ورود زرقاء مذهلة مع عطر ملكي.,320,60,Greeting Card,بطاقة تهنئة
734,FLOWER WITH GIFTS,زهور مع هدايا,Royal Perfume with Flower Arrangement,عطر ملكي مع تنسيق زهور,A luxury perfume combined with a premium floral display.,عطر فاخر مدمج مع عرض زهور مميز.,420,60,Greeting Card,بطاقة تهنئة
735,FLOWER WITH GIFTS,زهور مع هدايا,Royal Touch Cake,كعكة اللمسة الملكية,An elegant and delicious celebration cake.,كعكة احتفالية أنيقة ولذيذة.,320,60,Greeting Card,بطاقة تهنئة
736,FLOWER WITH GIFTS,زهور مع هدايا,Sweet Lilly Bouquet with Free Rahash No-317,باقة زنبق حلوة مع رهش مجاني 317,Fresh lily bouquet with complimentary traditional rahash.,باقة زنبق طازجة مع رهش تقليدي مجاني.,190,60,Greeting Card,بطاقة تهنئة
737,FLOWER WITH GIFTS,زهور مع هدايا,Sweet Pinkish Bouquet with Free Rahash No-316,باقة وردية حلوة مع رهش مجاني 316,Soft pink floral arrangement with complimentary rahash.,تنسيق زهور وردي ناعم مع رهش مجاني.,220,60,Greeting Card,بطاقة تهنئة
738,FLOWER WITH GIFTS,زهور مع هدايا,White and Red Love Theme with Red Rose Bunch,طقم حب باللونين الأبيض والأحمر مع ورد أحمر,Romantic theme featuring white cake and red rose bunch.,طقم رومانسي يضم كعكة بيضاء وباقة ورد أحمر.,270,60,Greeting Card,بطاقة تهنئة
739,FLOWER WITH GIFTS,زهور مع هدايا,White Cake with Flower Bouquet,كعكة بيضاء مع باقة زهور,A classic white cake paired with a fresh floral bouquet.,كعكة بيضاء كلاسيكية مقترنة بباقة زهور طازجة.,270,60,Greeting Card,بطاقة تهنئة
740,FLOWER WITH GIFTS,زهور مع هدايا,White Cake with White Rose Bunch,كعكة بيضاء مع باقة ورد أبيض,Pure white cake set with an elegant white rose bunch.,كعكة بيضاء نقية مع باقة ورد أبيض أنيقة.,270,60,Greeting Card,بطاقة تهنئة
741,FLOWER WITH GIFTS,زهور مع هدايا,White Rose Bouquet with Free Rahash No-319,باقة ورد أبيض مع رهش مجاني 319,Elegant white roses with a complimentary box of rahash.,ورود بيضاء أنيقة مع علبة رهش مجانية.,190,60,Greeting Card,بطاقة تهنئة
742,FLOWER WITH GIFTS,زهور مع هدايا,White Rose Dream Cake,كعكة أحلام الورد الأبيض,A luxurious cake decorated with a white rose theme.,كعكة فاخرة مزينة بطابع الورد الأبيض.,270,60,Greeting Card,بطاقة تهنئة
743,FLOWER WITH GIFTS,زهور مع هدايا,Whitish Arrangement with Branded Perfume,تنسيق أبيض مع عطر ماركة,Sophisticated white flowers matched with luxury perfume.,زهور بيضاء راقية متناسقة مع عطر فاخر.,560,60,Greeting Card,بطاقة تهنئة
744,FLOWER WITH GIFTS,زهور مع هدايا,Whitish Cake with Rose Bouquet,كعكة بيضاء مع باقة ورد,A light-colored cake and fresh rose bouquet set.,طقم كعكة فاتحة اللون وباقة ورد طازج.,270,60,Greeting Card,بطاقة تهنئة
745,FLOWER WITH GIFTS,زهور مع هدايا,Whitish Theme,طقم طابع أبيض,A curated set with white roses and an elegant cake.,طقم منسق من الورد الأبيض وكعكة أنيقة.,240,60,Greeting Card,بطاقة تهنئة
746,FLOWER WITH GIFTS,زهور مع هدايا,Yellow Cake with Yellow and Pink Flower Mix,كعكة صفراء مع مزيج زهور صفراء ووردية,Festive yellow cake paired with a colorful floral mix.,كعكة صفراء احتفالية مع مزيج زهور ملون.,360,60,Greeting Card,بطاقة تهنئة
747,GARANGAO SPECIAL,خاص القرنقعوه,GARANGAO SPECIAL CHOCO BOUQUET 01,بوكيه شوكولاتة قرنقعوه خاص 01,A festive chocolate bouquet specially curated for Garangao.,بوكيه شوكولاتة احتفالي تم تنسيقه خصيصاً للقرنقعوه.,240,60,Greeting Card,بطاقة تهنئة
748,GARANGAO SPECIAL,خاص القرنقعوه,GARANGAO SPECIAL FLOWE WITH CHOCO BOUQUET 02,بوكيه زهور مع شوكولاتة قرنقعوه خاص 02,A bouquet featuring both flowers and chocolates for Garangao.,بوكيه يجمع بين الزهور والشوكولاتة للقرنقعوه.,80,60,Greeting Card,بطاقة تهنئة
749,GARANGAO SPECIAL,خاص القرنقعوه,GARANGAO SPECIAL FLOWE WITH CHOCO BOUQUET 03,بوكيه زهور مع شوكولاتة قرنقعوه خاص 03,Another elegant floral and chocolate bouquet for Garangao.,بوكيه أنيق آخر من الزهور والشوكولاتة للقرنقعوه.,80,60,Greeting Card,بطاقة تهنئة
750,GARANGAO SPECIAL,خاص القرنقعوه,GARANGAO SPECIAL FLOWE WITH CHOCO BOUQUET 04,بوكيه زهور مع شوكولاتة قرنقعوه خاص 04,A beautifully arranged floral and chocolate bouquet for Garangao.,بوكيه منسق بجمال من الزهور والشوكولاتة للقرنقعوه.,140,60,Greeting Card,بطاقة تهنئة
751,GET WELL SOON,تمنيات بالشفاء العاجل,Get well soon beige bouquet,باقة تمني الشفاء العاجل باللون البيج,A gentle and calming beige floral bouquet.,باقة زهور ناعمة وهادئة باللون البيج.,370,60,Greeting Card,بطاقة تهنئة
752,GET WELL SOON,تمنيات بالشفاء العاجل,Get well soon colorful bouquet,باقة تمني الشفاء العاجل الملونة,A bright and cheerful multi-colored floral bouquet.,باقة زهور زاهية ومبهجة متعددة الألوان.,370,60,Greeting Card,بطاقة تهنئة
753,GET WELL SOON,تمنيات بالشفاء العاجل,get well soon fuchia luxury bouquet,باقة تمني الشفاء العاجل الفاخرة بالفوشيا,A luxurious fuchsia floral bouquet.,باقة زهور فاخرة باللون الفوشيا.,560,60,Greeting Card,بطاقة تهنئة
754,GET WELL SOON,تمنيات بالشفاء العاجل,get well soon lilly bouquet,باقة تمني الشفاء العاجل من الزنابق,A fresh and fragrant lily bouquet.,باقة زنابق طازجة وذات رائحة عطرية.,280,60,Greeting Card,بطاقة تهنئة
755,GET WELL SOON,تمنيات بالشفاء العاجل,Get well soon mixed bouquet,باقة تمني الشفاء العاجل المشكلة,A vibrant mix of seasonal flowers.,مزيج حيوي من الزهور الموسمية.,370,60,Greeting Card,بطاقة تهنئة
756,GET WELL SOON,تمنيات بالشفاء العاجل,Get well soon peach bouquet,باقة تمني الشفاء العاجل باللون الخوخي,A soft and elegant peach-toned bouquet.,باقة أنيقة وناعمة بدرجات اللون الخوخي.,370,60,Greeting Card,بطاقة تهنئة
757,GET WELL SOON,تمنيات بالشفاء العاجل,Get well soon pink and fuchia bouquet,باقة تمني الشفاء العاجل الوردي والفوشيا,A lovely combination of pink and fuchsia blooms.,مزيج جميل من الزهور الوردية والفوشيا.,190,60,Greeting Card,بطاقة تهنئة
758,GET WELL SOON,تمنيات بالشفاء العاجل,Get well soon purple and white bouquet,باقة تمني الشفاء العاجل بنفسجي وأبيض,Elegant purple and white floral bouquet.,باقة زهور أنيقة باللونين البنفسجي والأبيض.,370,60,Greeting Card,بطاقة تهنئة
759,GET WELL SOON,تمنيات بالشفاء العاجل,Get well soon purple bouquet,باقة تمني الشفاء العاجل بنفسجية,A stunning and calming purple bouquet.,باقة بنفسجية مذهلة وهادئة.,390,60,Greeting Card,بطاقة تهنئة
760,GET WELL SOON,تمنيات بالشفاء العاجل,Get well soon red rose bouquet,باقة تمني الشفاء العاجل من الورد الأحمر,A classic bouquet of red roses.,باقة كلاسيكية من الورد الأحمر.,190,60,Greeting Card,بطاقة تهنئة
761,GET WELL SOON,تمنيات بالشفاء العاجل,Get well soon red rose special Arrangegment,تنسيق خاص من الورد الأحمر لتمني الشفاء,A special arrangement of red roses.,تنسيق خاص من الورد الأحمر.,370,60,Greeting Card,بطاقة تهنئة
762,GET WELL SOON,تمنيات بالشفاء العاجل,Get well soon white bouquet,باقة تمني الشفاء العاجل بيضاء,A pure and elegant white floral bouquet.,باقة زهور بيضاء نقية وأنيقة.,390,60,Greeting Card,بطاقة تهنئة
763,GET WELL SOON,تمنيات بالشفاء العاجل,get well soon white flower arrangement,تنسيق زهور بيضاء لتمني الشفاء,A beautifully arranged white floral display.,عرض زهور بيضاء منسق بجمال.,390,60,Greeting Card,بطاقة تهنئة
764,GET WELL SOON,تمنيات بالشفاء العاجل,Get well soon white mixed bouquet,باقة تمني الشفاء العاجل بيضاء مشكلة,A mixed floral bouquet in white tones.,باقة زهور مشكلة بدرجات اللون الأبيض.,370,60,Greeting Card,بطاقة تهنئة
765,GET WELL SOON,تمنيات بالشفاء العاجل,Get well soon whitish special arrangement,تنسيق خاص فاتح اللون لتمني الشفاء,A special floral arrangement in light/whitish tones.,تنسيق زهور خاص بدرجات فاتحة/بيضاء.,360,60,Greeting Card,بطاقة تهنئة
766,GET WELL SOON,تمنيات بالشفاء العاجل,Get well soon yellow and white bouquet,باقة تمني الشفاء العاجل أصفر وأبيض,A cheerful bouquet of yellow and white flowers.,باقة مبهجة من الزهور الصفراء والبيضاء.,370,60,Greeting Card,بطاقة تهنئة
767,GRADUATION FLOWER NECKLACE,قلادة زهور تخرج,GRADUATION SPECIAL FLOWER BANGLE,سوار زهور تخرج خاص,A delicate flower bangle for graduation celebrations.,سوار زهور رقيق لاحتفالات التخرج.,250,60,Greeting Card,بطاقة تهنئة
768,GRADUATION FLOWER NECKLACE,قلادة زهور تخرج,GRADUATION NECKLACE 01,قلادة تخرج 01,An elegant graduation flower necklace.,قلادة زهور تخرج أنيقة.,450,60,Greeting Card,بطاقة تهنئة
769,GRADUATION FLOWER NECKLACE,قلادة زهور تخرج,GRADUATION NECKLACE 02,قلادة تخرج 02,A beautiful graduation flower necklace.,قلادة زهور تخرج جميلة.,420,60,Greeting Card,بطاقة تهنئة
770,GRADUATION FLOWER NECKLACE,قلادة زهور تخرج,GRADUATION NECKLACE 03,قلادة تخرج 03,A vibrant graduation flower necklace.,قلادة زهور تخرج زاهية.,420,60,Greeting Card,بطاقة تهنئة
771,GRADUATION FLOWER NECKLACE,قلادة زهور تخرج,GRADUATION NECKLACE 04,قلادة تخرج 04,A classic graduation flower necklace.,قلادة زهور تخرج كلاسيكية.,280,60,Greeting Card,بطاقة تهنئة
772,GRADUATION FLOWER NECKLACE,قلادة زهور تخرج,GRADUATION NECKLACE 05,قلادة تخرج 05,A stunning graduation flower necklace.,قلادة زهور تخرج مذهلة.,450,60,Greeting Card,بطاقة تهنئة
773,GRADUATION FLOWER NECKLACE,قلادة زهور تخرج,GRADUATION NECKLACE 06,قلادة تخرج 06,A charming graduation flower necklace.,قلادة زهور تخرج ساحرة.,350,60,Greeting Card,بطاقة تهنئة
774,GRADUATION FLOWER NECKLACE,قلادة زهور تخرج,GRADUATION NECKLACE 07,قلادة تخرج 07,A lovely graduation flower necklace.,قلادة زهور تخرج جميلة.,350,60,Greeting Card,بطاقة تهنئة
775,GRADUATION FLOWER NECKLACE,قلادة زهور تخرج,GRADUATION NECKLACE 08,قلادة تخرج 08,An elegant graduation flower necklace.,قلادة زهور تخرج أنيقة.,420,60,Greeting Card,بطاقة تهنئة
776,GRADUATION FLOWER NECKLACE,قلادة زهور تخرج,GRADUATION NECKLACE 09,قلادة تخرج 09,A festive graduation flower necklace.,قلادة زهور تخرج احتفالية.,350,60,Greeting Card,بطاقة تهنئة
777,GRADUATION FLOWER NECKLACE,قلادة زهور تخرج,GRADUATION NECKLACE 10,قلادة تخرج 10,A beautiful graduation flower necklace.,قلادة زهور تخرج جميلة.,400,60,Greeting Card,بطاقة تهنئة
778,GRADUATION FLOWER NECKLACE,قلادة زهور تخرج,GRADUATION NECKLACE 11,قلادة تخرج 11,A sophisticated graduation flower necklace.,قلادة زهور تخرج راقية.,400,60,Greeting Card,بطاقة تهنئة
779,GRADUATION FLOWER NECKLACE,قلادة زهور تخرج,GRADUATION NECKLACE 12,قلادة تخرج 12,A unique graduation flower necklace.,قلادة زهور تخرج فريدة.,350,60,Greeting Card,بطاقة تهنئة
780,GRADUATION FLOWER NECKLACE,قلادة زهور تخرج,GRADUATION NECKLACE PINK BABY ROSE NECKLACE,قلادة تخرج ورد بيبي روز وردي,A graduation necklace made of pink baby roses.,قلادة تخرج مصنوعة من ورود البيبي روز الوردية.,430,60,Greeting Card,بطاقة تهنئة
781,GRADUATION FLOWER NECKLACE,قلادة زهور تخرج,graduation necklace red rose special necklace,قلادة تخرج ورد أحمر خاصة,A special graduation necklace with red roses.,قلادة تخرج خاصة مع ورود حمراء.,430,60,Greeting Card,بطاقة تهنئة
782,GRADUATION FLOWER NECKLACE,قلادة زهور تخرج,GRADUATION NECKLACE WHITE AND PINK MIXED BABY ROSE NECKLACE,قلادة تخرج بيبي روز مشكلة أبيض ووردي,A mixed baby rose graduation necklace.,قلادة تخرج من ورود البيبي روز المشكلة.,430,60,Greeting Card,بطاقة تهنئة
783,GRADUATION FLOWER NECKLACE,قلادة زهور تخرج,GRADUATION NECKLACE WHITE AND RED ROSE WITH GYPSON NECKLACE,قلادة تخرج ورد أبيض وأحمر مع جيبسوفيل,Red and white roses with Gypson for graduation.,ورود حمراء وبيضاء مع جيبسوفيل للتخرج.,350,60,Greeting Card,بطاقة تهنئة
784,GRADUATION FLOWER NECKLACE,قلادة زهور تخرج,graduation necklace white mixed flowers,قلادة تخرج زهور بيضاء مشكلة,A graduation necklace with mixed white flowers.,قلادة تخرج مع زهور بيضاء مشكلة.,450,60,Greeting Card,بطاقة تهنئة
785,GRADUATION FLOWER NECKLACE,قلادة زهور تخرج,GRADUATION NECKLACE WHITE SPECIAL FLOWER NECKLACE,قلادة تخرج زهور بيضاء خاصة,A special white flower necklace for graduation.,قلادة زهور بيضاء خاصة لاحتفالات التخرج.,450,60,Greeting Card,بطاقة تهنئة
786,GRADUATION FLOWER NECKLACE,قلادة زهور تخرج,GRADUATION NECKLACE WHITE SPRAY ROSE WITH GERABERA,قلادة تخرج ورد جوري أبيض مع جربيرا,White spray roses combined with Gerbera for a elegant look.,مزيج من الورد الجوري الأبيض والجربيرا لمظهر أنيق.,450,60,Greeting Card,بطاقة تهنئة
787,GRADUATION FLOWER NECKLACE,قلادة زهور تخرج,graduation special baby rose necklace,قلادة تخرج خاصة ورد بيبي روز,A delicate baby rose necklace for graduates.,قلادة رقيقة من ورد البيبي روز للخريجين.,450,60,Greeting Card,بطاقة تهنئة
788,GRADUATION FLOWER NECKLACE,قلادة زهور تخرج,graduation special mix white spray rose necklace,قلادة تخرج خاصة ورد جوري أبيض مشكل,A mix of white spray roses for a sophisticated style.,مزيج من الورد الجوري الأبيض بأسلوب راقٍ.,450,60,Greeting Card,بطاقة تهنئة
789,GRADUATION FLOWER NECKLACE,قلادة زهور تخرج,graduation special only red rose special necklace,قلادة تخرج خاصة ورد أحمر فقط,A bold necklace made exclusively of red roses.,قلادة جريئة مصنوعة حصرياً من الورود الحمراء.,400,60,Greeting Card,بطاقة تهنئة
790,GRADUATION FLOWER NECKLACE,قلادة زهور تخرج,graduation special pink rose mixed necklace,قلادة تخرج خاصة ورد وردي مشكل,A mixed pink rose necklace for a soft graduation look.,قلادة ورد وردي مشكل لمظهر تخرج ناعم.,400,60,Greeting Card,بطاقة تهنئة
791,GRADUATION FLOWER NECKLACE,قلادة زهور تخرج,graduation special pink spray rose necklace,قلادة تخرج خاصة ورد جوري وردي,A charming pink spray rose necklace.,قلادة ساحرة من الورد الجوري الوردي.,400,60,Greeting Card,بطاقة تهنئة
792,GRADUATION FLOWER NECKLACE,قلادة زهور تخرج,graduation special red spray rose mixed necklace,قلادة تخرج خاصة ورد جوري أحمر مشكل,A mixed red spray rose necklace for graduation.,قلادة من الورد الجوري الأحمر المشكل للتخرج.,450,60,Greeting Card,بطاقة تهنئة
793,GRADUATION FLOWER NECKLACE,قلادة زهور تخرج,graduation special white flowers premium necklace,قلادة تخرج زهور بيضاء فاخرة خاصة,A premium graduation necklace made of white flowers.,قلادة تخرج فاخرة مصنوعة من الزهور البيضاء.,480,60,Greeting Card,بطاقة تهنئة
794,GRADUATION FLOWER NECKLACE,قلادة زهور تخرج,graduation special white rose kids necklace,قلادة تخرج ورد أبيض خاصة للأطفال,A special white rose necklace designed for kids.,قلادة ورد أبيض خاصة مصممة للأطفال.,400,60,Greeting Card,بطاقة تهنئة
795,GRADUATION FLOWER NECKLACE,قلادة زهور تخرج,graduation special white spray rose arrangement,تنسيق قلادة تخرج ورد جوري أبيض,Sophisticated arrangement of white spray roses.,تنسيق راقٍ من الورد الجوري الأبيض.,380,60,Greeting Card,بطاقة تهنئة
796,GRADUATION FLOWER NECKLACE,قلادة زهور تخرج,graduation special whitish necklace,قلادة تخرج خاصة فاتحة اللون,A simple and elegant whitish floral necklace.,قلادة زهور فاتحة اللون بسيطة وأنيقة.,450,60,Greeting Card,بطاقة تهنئة
797,GRADUATION FLOWER NECKLACE,قلادة زهور تخرج,graduation special yellow fresh flower necklace,قلادة تخرج زهور صفراء طازجة خاصة,Fresh yellow flowers crafted into a graduation necklace.,زهور صفراء طازجة مصممة في قلادة تخرج.,400,60,Greeting Card,بطاقة تهنئة
798,GRADUATION FLOWER NECKLACE,قلادة زهور تخرج,graduation special yellow spray rose special necklace,قلادة تخرج خاصة ورد جوري أصفر,A special necklace featuring yellow spray roses.,قلادة خاصة تتميز بالورد الجوري الأصفر.,400,60,Greeting Card,بطاقة تهنئة
799,GRADUATION FLOWER NECKLACE,قلادة زهور تخرج,graduation white spray rose wow necklace,قلادة تخرج ورد جوري أبيض مبهرة,A stunning necklace of white spray roses.,قلادة مذهلة من الورد الجوري الأبيض.,450,60,Greeting Card,بطاقة تهنئة
800,GRADUATION FLOWER NECKLACE,قلادة زهور تخرج,GRADUATIONNECKLACE WITH RED ROSE AND GYPSON NECKLACE,قلادة تخرج ورد أحمر مع جيبسوفيل,Red roses mixed with Gypson for a graduation necklace.,ورود حمراء مع جيبسوفيل في قلادة تخرج.,350,60,Greeting Card,بطاقة تهنئة
801,GRADUATION SPECIAL ARRANGEMENT,ترتيبات خاصة للتخرج,congrats colorfull bouquet,بوكيه تهنئة ملون,A vibrant and colorful bouquet for celebrations.,بوكيه زهور زاهي وملون للمناسبات الاحتفالية.,370,60,Greeting Card,بطاقة تهنئة
802,GRADUATION SPECIAL ARRANGEMENT,ترتيبات خاصة للتخرج,CONGRATS LILLY BOUQUET,بوكيه تهنئة زنابق,An elegant bouquet featuring lilies.,بوكيه زنابق أنيق للتهنئة.,260,60,Greeting Card,بطاقة تهنئة
803,GRADUATION SPECIAL ARRANGEMENT,ترتيبات خاصة للتخرج,congrats mixed color bouquet,بوكيه تهنئة ألوان مشكلة,A bouquet with a mix of beautiful colors.,بوكيه يجمع بين مزيج من الألوان الجميلة.,370,60,Greeting Card,بطاقة تهنئة
804,GRADUATION SPECIAL ARRANGEMENT,ترتيبات خاصة للتخرج,CONGRATS PINK GOLDEN BOUQUET,بوكيه تهنئة وردي وذهبي,A sophisticated pink and golden themed bouquet.,بوكيه راقٍ بطابع وردي وذهبي.,370,60,Greeting Card,بطاقة تهنئة
805,GRADUATION SPECIAL ARRANGEMENT,ترتيبات خاصة للتخرج,congrats Reddish glamour bouquet,بوكيه تهنئة أحمر براق,A glamorous bouquet featuring shades of red.,بوكيه براق يضم درجات اللون الأحمر.,360,60,Greeting Card,بطاقة تهنئة
806,GRADUATION SPECIAL ARRANGEMENT,ترتيبات خاصة للتخرج,congratulation bouquet,بوكيه تهنئة,A classic bouquet for congratulations.,بوكيه كلاسيكي لمناسبات التهنئة.,380,60,Greeting Card,بطاقة تهنئة
807,GRADUATION SPECIAL ARRANGEMENT,ترتيبات خاصة للتخرج,CONGRATULATION HAND BOUQUET,بوكيه يد للتهنئة,A beautiful hand-held bouquet for celebrations.,بوكيه يد جميل للاحتفالات.,290,60,Greeting Card,بطاقة تهنئة
808,GRADUATION SPECIAL ARRANGEMENT,ترتيبات خاصة للتخرج,congratulation pink and red bouquet,بوكيه تهنئة وردي وأحمر,A romantic mix of pink and red flowers.,مزيج رومانسي من الزهور الوردية والحمراء.,190,60,Greeting Card,بطاقة تهنئة
809,GRADUATION SPECIAL ARRANGEMENT,ترتيبات خاصة للتخرج,congratulation Red rose bouquet,بوكيه تهنئة ورد أحمر,A classic red rose bouquet.,بوكيه كلاسيكي من الورد الأحمر.,190,60,Greeting Card,بطاقة تهنئة
810,GRADUATION SPECIAL ARRANGEMENT,ترتيبات خاصة للتخرج,congratulation special red rose arrangement,تنسيق تهنئة ورد أحمر خاص,A special red rose arrangement.,تنسيق خاص من الورد الأحمر.,440,60,Greeting Card,بطاقة تهنئة
811,GRADUATION SPECIAL ARRANGEMENT,ترتيبات خاصة للتخرج,congratulation stylish bouquet,بوكيه تهنئة أنيق,A stylish and modern bouquet.,بوكيه أنيق وعصري.,370,60,Greeting Card,بطاقة تهنئة
812,GRADUATION SPECIAL ARRANGEMENT,ترتيبات خاصة للتخرج,CONGRATULATIONS WONDERFULL BOUQUET,بوكيه تهنئة رائع,A wonderful bouquet to express congratulations.,بوكيه رائع للتعبير عن التهنئة.,380,60,Greeting Card,بطاقة تهنئة
813,GRADUATION SPECIAL ARRANGEMENT,تنسيق تخرج خاص,flower necklace 07,قلادة زهور 07,A beautiful and elegant flower necklace suitable for graduation.,قلادة زهور جميلة وأنيقة مناسبة لحفل التخرج.,620,60,Greeting Card,بطاقة تهنئة
814,GRADUATION SPECIAL ARRANGEMENT,تنسيق تخرج خاص,graduation arrangement beige and pink,تنسيق تخرج بيج ووردي,Elegant flower arrangement in beige and pink tones with a graduation cap.,تنسيق زهور أنيق باللونين البيج والوردي مع قبعة تخرج.,360,60,Greeting Card,بطاقة تهنئة
815,GRADUATION SPECIAL ARRANGEMENT,تنسيق تخرج خاص,graduation arrangement sweet memorys,تنسيق تخرج ذكريات حلوة,A beautiful arrangement featuring soft colors and a graduation cap topper.,تنسيق جميل يتميز بألوان هادئة مع قبعة تخرج في الأعلى.,390,60,Greeting Card,بطاقة تهنئة
816,GRADUATION SPECIAL ARRANGEMENT,تنسيق تخرج خاص,graduation biege bouquet,باقة تخرج بيج,A classic beige-themed flower bouquet styled for graduation.,باقة زهور كلاسيكية باللون البيج مجهزة لمناسبة التخرج.,370,60,Greeting Card,بطاقة تهنئة
817,GRADUATION SPECIAL ARRANGEMENT,تنسيق تخرج خاص,GRADUATION BOUQUET 05,باقة تخرج 05,A vibrant red floral bouquet accented with a graduation cap.,باقة زهور حمراء زاهية مزينة بقبعة تخرج.,150,60,Greeting Card,بطاقة تهنئة
818,GRADUATION SPECIAL ARRANGEMENT,تنسيق تخرج خاص,GRADUATION CERMONY ARRANGEMENT,تنسيق حفل التخرج,A grand floral centerpiece designed for a graduation ceremony setting.,قطعة مركزية كبيرة من الزهور مصممة لإعدادات حفل التخرج.,520,60,Greeting Card,بطاقة تهنئة
819,GRADUATION SPECIAL ARRANGEMENT,تنسيق تخرج خاص,graduation flower box 01,صندوق زهور التخرج 01,A sophisticated flower box arrangement with a graduation cap.,تنسيق زهور راقٍ داخل صندوق مع قبعة تخرج.,420,60,Greeting Card,بطاقة تهنئة
820,GRADUATION SPECIAL ARRANGEMENT,تنسيق تخرج خاص,graduation golden glow,توهج التخرج الذهبي,A bouquet featuring gold accents and bright floral arrangements.,باقة تتميز بلمسات ذهبية وتنسيقات زهور زاهية.,340,60,Greeting Card,بطاقة تهنئة
821,GRADUATION SPECIAL ARRANGEMENT,تنسيق تخرج خاص,graduation joyful bouquet,باقة التخرج المبهجة,"A cheerful, multi-colored bouquet celebrating graduation success.",باقة زهور ملونة ومبهجة للاحتفال بنجاح التخرج.,320,60,Greeting Card,بطاقة تهنئة
822,GRADUATION SPECIAL ARRANGEMENT,تنسيق تخرج خاص,graduation lilly pink bouquet,باقة زنبق التخرج وردي,"A bouquet featuring pink lilies, perfect for a graduation celebration.",باقة تتميز بزنابق وردية، مثالية للاحتفال بالتخرج.,260,60,Greeting Card,بطاقة تهنئة
823,GRADUATION SPECIAL ARRANGEMENT,تنسيق تخرج خاص,Graduation luxury arrangement,تنسيق تخرج فاخر,"A multi-tiered, luxurious flower arrangement for special graduations.",تنسيق زهور فاخر متعدد الطبقات للمناسبات الخاصة بالتخرج.,1540,60,Greeting Card,بطاقة تهنئة
824,GRADUATION SPECIAL ARRANGEMENT,تنسيق تخرج خاص,graduation luxury perfume with flower arrangement 001,تنسيق عطر تخرج فاخر مع زهور 001,A premium gift set combining a luxury perfume and a floral arrangement.,طقم هدايا فاخر يجمع بين عطر مميز وتنسيق زهور.,620,60,Greeting Card,بطاقة تهنئة
825,GRADUATION SPECIAL ARRANGEMENT,تنسيق تخرج خاص,graduation luxury perfume with flower arrangement 002,عطر تخرج فاخر مع تنسيق زهور 002,Luxury perfume paired with a white floral box and graduation cap.,عطر فاخر مع صندوق زهور بيضاء وقبعة تخرج.,440,60,Greeting Card,بطاقة تهنئة
826,GRADUATION SPECIAL ARRANGEMENT,تنسيق تخرج خاص,graduation luxury perfume with flower arrangement 003,عطر تخرج فاخر مع تنسيق زهور 003,Elegant perfume gift set featuring white flowers and a graduation cap.,طقم هدايا عطر أنيق يتميز بزهور بيضاء وقبعة تخرج.,440,60,Greeting Card,بطاقة تهنئة
827,GRADUATION SPECIAL ARRANGEMENT,تنسيق تخرج خاص,graduation mix flower,زهور تخرج متنوعة,A colorful mixed floral bouquet designed for graduation celebrations.,باقة زهور متنوعة وملونة مصممة لاحتفالات التخرج.,240,60,Greeting Card,بطاقة تهنئة
828,GRADUATION SPECIAL ARRANGEMENT,تنسيق تخرج خاص,graduation ppinkish bouquet,باقة تخرج وردية,A beautiful pink-toned bouquet topped with a graduation cap.,باقة جميلة ذات لون وردي تعلوها قبعة تخرج.,260,60,Greeting Card,بطاقة تهنئة
829,GRADUATION SPECIAL ARRANGEMENT,تنسيق تخرج خاص,graduation premium bouquet pinkish,باقة تخرج فاخرة وردية,A premium arrangement of pink and mixed flowers for graduates.,تنسيق فاخر من الزهور الوردية والمتنوعة للخريجين.,290,60,Greeting Card,بطاقة تهنئة
830,GRADUATION SPECIAL ARRANGEMENT,تنسيق تخرج خاص,graduation premium bouquet,باقة تخرج فاخرة,"A premium, sophisticated bouquet styled for special graduation moments.",باقة فاخرة وأنيقة مصممة للحظات التخرج المميزة.,360,60,Greeting Card,بطاقة تهنئة
831,GRADUATION SPECIAL ARRANGEMENT,تنسيق تخرج خاص,graduation premium bouquet,باقة تخرج فاخرة,A premium bouquet featuring elegant wrapping and graduation theme.,باقة فاخرة تتميز بتغليف أنيق وطابع التخرج.,560,60,Greeting Card,بطاقة تهنئة
832,GRADUATION SPECIAL ARRANGEMENT,تنسيق تخرج خاص,graduation premium perfume with flower arrangement,عطر تخرج فاخر مع تنسيق زهور,Premium perfume set presented with a beautiful flower arrangement.,طقم عطر فاخر مقدم مع تنسيق زهور جميل.,340,60,Greeting Card,بطاقة تهنئة
833,GRADUATION SPECIAL ARRANGEMENT,تنسيق تخرج خاص,graduation purple luxury bouquet,باقة تخرج أرجوانية فاخرة,A luxurious purple-toned bouquet perfect for graduation gifting.,باقة فاخرة باللون الأرجواني مثالية كهدية تخرج.,640,60,Greeting Card,بطاقة تهنئة
834,GRADUATION SPECIAL ARRANGEMENT,تنسيق تخرج خاص,graduation purple premium bouquet,باقة تخرج أرجوانية فاخرة,A premium arrangement featuring elegant purple flowers and graduation cap.,تنسيق فاخر يتميز بزهور أرجوانية أنيقة وقبعة تخرج.,480,60,Greeting Card,بطاقة تهنئة
835,GRADUATION SPECIAL ARRANGEMENT,تنسيق تخرج خاص,Graduation special arrangement peach and white,ترتيب تخرج خاص خوخي وأبيض,A special arrangement in peach and white tones with a graduation cap.,تنسيق خاص بألوان الخوخي والأبيض مع قبعة تخرج.,680,60,Greeting Card,بطاقة تهنئة
836,GRADUATION SPECIAL ARRANGEMENT,تنسيق تخرج خاص,Graduation special arrangement sweet pink,ترتيب تخرج خاص وردي جميل,A sweet pink-themed floral arrangement for a memorable graduation.,تنسيق زهور بطابع وردي جميل لذكرى تخرج لا تُنسى.,390,60,Greeting Card,بطاقة تهنئة
837,GRADUATION SPECIAL ARRANGEMENT,تنسيق تخرج خاص,Graduation special arrangementpinkand white,ترتيب تخرج خاص وردي وأبيض,A elegant floral box arrangement in pink and white with a graduation cap.,تنسيق صندوق زهور أنيق باللونين الوردي والأبيض مع قبعة تخرج.,390,60,Greeting Card,بطاقة تهنئة
838,GRADUATION SPECIAL ARRANGEMENT,تنسيق تخرج خاص,graduation special nice arrangement,ترتيب تخرج خاص جميل,"A clean, classic white flower arrangement in a box for graduation.",تنسيق زهور بيضاء كلاسيكي ونظيف داخل صندوق للمناسبة.,190,60,Greeting Card,بطاقة تهنئة
839,GRADUATION SPECIAL ARRANGEMENT,تنسيق تخرج خاص,graduation special,ترتيب تخرج خاص,A graduation-themed bouquet featuring a cute bear and blue accents.,باقة بطابع التخرج تتميز بدبدوب لطيف ولمسات زرقاء.,190,60,Greeting Card,بطاقة تهنئة
840,GRADUATION SPECIAL ARRANGEMENT,تنسيق تخرج خاص,graduation sweet bouquet,باقة تخرج حلوة,A sweet bouquet featuring chocolate treats and a graduation bear.,باقة حلوة تحتوي على قطع شوكولاتة ودبدوب تخرج.,320,60,Greeting Card,بطاقة تهنئة
841,GRADUATION SPECIAL ARRANGEMENT,تنسيق تخرج خاص,graduation tulip luxury bouquet,باقة توليب تخرج فاخرة,A luxurious tulip bouquet wrapped elegantly for a graduation gift.,باقة توليب فاخرة مغلفة بأناقة كهدية تخرج.,240,60,Greeting Card,بطاقة تهنئة
842,GRADUATION SPECIAL ARRANGEMENT,تنسيق تخرج خاص,graduation white lilly bouquet,باقة زنابق تخرج بيضاء,A sophisticated white lily bouquet styled with a graduation cap.,باقة زنابق بيضاء راقية منسقة مع قبعة تخرج.,240,60,Greeting Card,بطاقة تهنئة
843,GRADUATION SPECIAL ARRANGEMENT,تنسيق تخرج خاص,graduation white wrapping red rose bouquet,باقة ورد أحمر بتغليف أبيض,A classic red rose bouquet with white wrapping and a graduation cap.,باقة ورد أحمر كلاسيكية بتغليف أبيض وقبعة تخرج.,270,60,Greeting Card,بطاقة تهنئة
844,GRADUATION SPECIAL ARRANGEMENT,تنسيق تخرج خاص,phuchia graduationt twist arrangement,ترتيب تخرج فوشيا,A vibrant fuchsia-toned floral arrangement in a glass vase.,تنسيق زهور بلون الفوشيا النابض بالحياة في مزهرية زجاجية.,270,60,Greeting Card,بطاقة تهنئة
845,GRADUATION SPECIAL ARRANGEMENT,تنسيق تخرج خاص,pink graduation arrangement,ترتيب تخرج وردي,A soft pink floral arrangement displayed in a clear vase.,تنسيق زهور باللون الوردي الهادئ معروض في مزهرية شفافة.,270,60,Greeting Card,بطاقة تهنئة
846,GRADUATION SPECIAL ARRANGEMENT,تنسيق تخرج خاص,pinkish congratulation bouquet,باقة تهنئة وردية,"A beautiful pink bouquet paired with a ""Congrats"" message card.","باقة وردية جميلة مقترنة ببطاقة تهنئة ""مبارك"".",320,60,Greeting Card,بطاقة تهنئة
847,GRADUATION SPECIAL ARRANGEMENT,تنسيق تخرج خاص,yellow graduation arrangement,ترتيب تخرج أصفر,A bright and cheerful yellow flower arrangement for graduation.,تنسيق زهور أصفر مشرق ومبهج للمناسبة.,270,60,Greeting Card,بطاقة تهنئة
848,Hajj and Umra Special Arrangement,ترتيبات خاصة للحج والعمرة,Blessings of Arafat hajj special flower vase,مزهرية زهور بركات عرفات الخاصة,"Elegant pink roses in a vase, themed for Arafat.",ورود وردية أنيقة في مزهرية، مصممة لمناسبة عرفات.,260,60,Greeting Card,بطاقة تهنئة
849,Hajj and Umra Special Arrangement,ترتيبات خاصة للحج والعمرة,Celestial Light hajj special flower vase,مزهرية زهور نور السماوات الخاصة,Deep red roses arranged in a vase for a Hajj tribute.,ورود حمراء داكنة مرتبة في مزهرية تكريماً لمناسبة الحج.,280,60,Greeting Card,بطاقة تهنئة
850,Hajj and Umra Special Arrangement,ترتيبات خاصة للحج والعمرة,Eternal Hajj special arrangement,ترتيب الحج الأبدي الخاص,A vibrant mix of orange and yellow roses in a vase.,مزيج نابض بالحياة من الورود البرتقالية والصفراء في مزهرية.,360,60,Greeting Card,بطاقة تهنئة
851,Hajj and Umra Special Arrangement,ترتيبات خاصة للحج والعمرة,FUCHIA ROSESE FOR HAJJ AND UMRA SPECIAL BOUQUET,باقة زهور فوشيا خاصة للحج والعمرة,Radiant fuchsia roses bundled for a spiritual occasion.,ورود فوشيا زاهية مجمعة لمناسبة روحانية.,140,60,Greeting Card,بطاقة تهنئة
852,Hajj and Umra Special Arrangement,ترتيبات خاصة للحج والعمرة,GREENERY HAJJ AND UMRA SPECIAL FLOWER BOUQUET,باقة زهور خضراء خاصة للحج والعمرة,"A lush, green-filled bouquet perfect for Hajj and Umra.",باقة غنية بالخضرة مثالية للحج والعمرة.,450,60,Greeting Card,بطاقة تهنئة
853,Hajj and Umra Special Arrangement,ترتيبات خاصة للحج والعمرة,hajj mubarak special luxury fuchsia arrangement,ترتيب فوشيا فاخر خاص بحج مبرور,Luxurious fuchsia floral display with Hajj congratulatory ribbon.,تنسيق زهور فوشيا فاخر مع شريط تهنئة بالحج.,720,60,Greeting Card,بطاقة تهنئة
854,Hajj and Umra Special Arrangement,ترتيبات خاصة للحج والعمرة,hajj mubarak special white heaven arrangement,ترتيب الجنة الأبيض الخاص بحج مبرور,Pure white flowers arranged in a box with a Hajj ribbon.,زهور بيضاء نقية مرتبة في صندوق مع شريط الحج.,380,60,Greeting Card,بطاقة تهنئة
855,Hajj and Umra Special Arrangement,ترتيبات خاصة للحج والعمرة,hajj special gerabera bouquet,باقة جربيرا خاصة للحج,Cheerful gerbera daisies in a bouquet for Hajj.,زهور الجربيرا المبهجة في باقة لمناسبة الحج.,240,60,Greeting Card,بطاقة تهنئة
856,Hajj and Umra Special Arrangement,ترتيبات خاصة للحج والعمرة,hajj special luxury fuchsia golden bouquet,باقة فوشيا وذهبية فاخرة خاصة للحج,Premium fuchsia roses with golden accents for Hajj.,ورود فوشيا فاخرة مع لمسات ذهبية لمناسبة الحج.,540,60,Greeting Card,بطاقة تهنئة
857,Hajj and Umra Special Arrangement,ترتيبات خاصة للحج والعمرة,hajj special luxury red velvet bouquet,باقة مخملية حمراء فاخرة خاصة للحج,"Rich, red velvet-colored flowers styled for a Hajj gift.",زهور غنية بلون المخمل الأحمر منسقة كهدية للحج.,390,60,Greeting Card,بطاقة تهنئة
858,Hajj and Umra Special Arrangement,ترتيبات خاصة للحج والعمرة,hajj special orange yellow and white bouquet,باقة برتقالية وصفراء وبيضاء خاصة للحج,"A warm-toned mix of orange, yellow, and white flowers.",مزيج دافئ من الزهور البرتقالية والصفراء والبيضاء.,240,60,Greeting Card,بطاقة تهنئة
859,Hajj and Umra Special Arrangement,ترتيبات خاصة للحج والعمرة,hajj special peach bouquet,باقة خوخية خاصة للحج,Soft peach-colored flowers arranged as a Hajj gift.,زهور بلون الخوخ الهادئ مرتبة كهدية للحج.,370,60,Greeting Card,بطاقة تهنئة
860,Hajj and Umra Special Arrangement,ترتيبات خاصة للحج والعمرة,Hajj special pink and fuchia beauty bouquet,باقة وردية وفوشيا جميلة خاصة للحج,A lovely blend of pink and fuchsia blooms for Hajj.,مزيج جميل من أزهار الوردي والفوشيا لمناسبة الحج.,190,60,Greeting Card,بطاقة تهنئة
861,Hajj and Umra Special Arrangement,ترتيبات خاصة للحج والعمرة,Hajj special pink and white bouquet,باقة وردية وبيضاء خاصة للحج,Delicate pink and white flowers for a classic Hajj gift.,زهور وردية وبيضاء رقيقة كهدية كلاسيكية للحج.,370,60,Greeting Card,بطاقة تهنئة
862,Hajj and Umra Special Arrangement,ترتيبات خاصة للحج والعمرة,hajj special purple and white special bouquet,باقة أرجوانية وبيضاء خاصة للحج,Elegant purple and white floral arrangement for Hajj.,تنسيق زهور أرجواني وأبيض أنيق لمناسبة الحج.,290,60,Greeting Card,بطاقة تهنئة
863,Hajj and Umra Special Arrangement,ترتيبات خاصة للحج والعمرة,hajj special tulip bouquet,باقة توليب خاصة للحج,Fresh white tulips styled elegantly for Hajj celebrations.,توليب أبيض طازج منسق بأناقة لاحتفالات الحج.,360,60,Greeting Card,بطاقة تهنئة
864,Hajj and Umra Special Arrangement,ترتيبات خاصة للحج والعمرة,hajj special white and orange special bouquet,باقة بيضاء وبرتقالية خاصة للحج,Vibrant white and orange floral bouquet for Hajj gifting.,باقة زهور بيضاء وبرتقالية زاهية لهدايا الحج.,240,60,Greeting Card,بطاقة تهنئة
865,Hajj and Umra Special Arrangement,ترتيبات خاصة للحج والعمرة,hajj special white and pink bouquet,باقة بيضاء ووردية خاصة للحج,Sophisticated white and pink flowers for a Hajj occasion.,زهور بيضاء ووردية راقية لمناسبة الحج.,370,60,Greeting Card,بطاقة تهنئة
866,Hajj and Umra Special Arrangement,ترتيبات خاصة للحج والعمرة,hajj special white wow bouquet,باقة الحج البيضاء المميزة,Stunning white floral bouquet designed for Hajj celebrations.,باقة زهور بيضاء مذهلة مصممة لاحتفالات الحج.,190,60,Greeting Card,بطاقة تهنئة
867,Hajj and Umra Special Arrangement,ترتيبات خاصة للحج والعمرة,hajj special whitish bouquet,باقة الحج ذات اللون الأبيض الهادئ,A subtle whitish floral arrangement for a peaceful Hajj gift.,تنسيق زهور أبيض هادئ كهدية مناسبة للحج.,370,60,Greeting Card,بطاقة تهنئة
868,Hajj and Umra Special Arrangement,ترتيبات خاصة للحج والعمرة,hajj white themed bouquet,باقة الحج بطابع أبيض,A beautifully themed white bouquet for Hajj and Umra.,باقة زهور بيضاء مصممة بجمال لمناسبة الحج والعمرة.,240,60,Greeting Card,بطاقة تهنئة
869,Hajj and Umra Special Arrangement,ترتيبات خاصة للحج والعمرة,heaven hajj special arrangement,ترتيب الجنة الخاص بالحج,A celestial white floral arrangement in a premium vase.,تنسيق زهور بيضاء سماوية في مزهرية فاخرة.,190,60,Greeting Card,بطاقة تهنئة
870,Hajj and Umra Special Arrangement,ترتيبات خاصة للحج والعمرة,LILLY VASE HAJJ SPECIAL GIFT,هدية مزهرية زنابق خاصة للحج,"Fresh lilies arranged in a vase, perfect for Hajj gifting.",زنابق طازجة مرتبة في مزهرية، مثالية كهدية للحج.,290,60,Greeting Card,بطاقة تهنئة
871,Hajj and Umra Special Arrangement,ترتيبات خاصة للحج والعمرة,MIXED HAPPY HAJJ AND UMRA SPECIAL FLOWER BOUQUET,باقة زهور الحج والعمرة السعيدة,A cheerful mixed floral bouquet to celebrate Hajj and Umra.,باقة زهور متنوعة ومبهجة للاحتفال بالحج والعمرة.,270,60,Greeting Card,بطاقة تهنئة
872,Hajj and Umra Special Arrangement,ترتيبات خاصة للحج والعمرة,mixed special hajj arrangement,ترتيب الحج الخاص المتنوع,A vibrant mix of flowers in a glass vase for Hajj.,مزيج زاهٍ من الزهور في مزهرية زجاجية لمناسبة الحج.,270,60,Greeting Card,بطاقة تهنئة
873,Hajj and Umra Special Arrangement,ترتيبات خاصة للحج والعمرة,MULTICOLOURED HAND BOUQUET UMRA AND HAJJ SPECIAL,باقة يد ملونة خاصة للحج والعمرة,A colorful handheld bouquet for Hajj and Umra greetings.,باقة يد ملونة للتهنئة بالحج والعمرة.,240,60,Greeting Card,بطاقة تهنئة
874,Hajj and Umra Special Arrangement,ترتيبات خاصة للحج والعمرة,Peace of Mind hajj special arrangement,ترتيب راحة البال الخاص بالحج,A calming floral arrangement to bring peace during Hajj.,تنسيق زهور هادئ يبعث على الراحة أثناء الحج.,190,60,Greeting Card,بطاقة تهنئة
875,Hajj and Umra Special Arrangement,ترتيبات خاصة للحج والعمرة,Peace of Mind hajj special flower vase,مزهرية زهور راحة البال للحج,A serene flower vase arrangement themed for Hajj peace.,مزهرية زهور هادئة بطابع السلام الخاص بالحج.,440,60,Greeting Card,بطاقة تهنئة
876,Hajj and Umra Special Arrangement,ترتيبات خاصة للحج والعمرة,Peaceful Petals hajj special arrangement,ترتيب بتلات السلام الخاص بالحج,Elegant red and white roses arranged for Hajj harmony.,ورود حمراء وبيضاء أنيقة مرتبة لتناغم مناسبة الحج.,270,60,Greeting Card,بطاقة تهنئة
877,Hajj and Umra Special Arrangement,ترتيبات خاصة للحج والعمرة,pinkish hajj special arrangement,ترتيب الحج الوردي الخاص,A soft pink floral arrangement perfect for Hajj gifting.,تنسيق زهور وردي ناعم مثالي كهدية للحج.,270,60,Greeting Card,بطاقة تهنئة
878,Hajj and Umra Special Arrangement,ترتيبات خاصة للحج والعمرة,PINKISH UMRA AND HAJJ SPECIAL BOUQUET,باقة الحج والعمرة الوردية,A delightful pink bouquet for Hajj and Umra occasions.,باقة وردية مبهجة لمناسبات الحج والعمرة.,340,60,Greeting Card,بطاقة تهنئة
879,Hajj and Umra Special Arrangement,ترتيبات خاصة للحج والعمرة,PURE DEVOTION HAJJ SPECIAL FLOWER VASE,مزهرية زهور الإخلاص النقي للحج,Elegant peach-toned floral vase symbolizing devotion for Hajj.,مزهرية زهور بلون الخوخ الأنيق ترمز للإخلاص في الحج.,490,60,Greeting Card,بطاقة تهنئة
880,Hajj and Umra Special Arrangement,ترتيبات خاصة للحج والعمرة,Purity hajj special arrangement,ترتيب النقاء الخاص بالحج,A pure and simple floral arrangement themed for Hajj.,تنسيق زهور نقي وبسيط بطابع مناسبة الحج.,290,60,Greeting Card,بطاقة تهنئة
881,Hajj and Umra Special Arrangement,ترتيبات خاصة للحج والعمرة,WHITE ROSES HAJJ SPECIAL VASE,مزهرية ورد أبيض خاصة للحج,Classic white roses arranged in a vase for Hajj elegance.,ورود بيضاء كلاسيكية مرتبة في مزهرية لأناقة الحج.,370,60,Greeting Card,بطاقة تهنئة
882,Hajj and Umra Special Arrangement,ترتيبات خاصة للحج والعمرة,white special awsome hajj vase arrangement,ترتيب مزهرية الحج الأبيض الرائع,A stunning and graceful white floral vase for Hajj.,مزهرية زهور بيضاء مذهلة وراقية لمناسبة الحج.,490,60,Greeting Card,بطاقة تهنئة
883,Hajj and Umra Special Arrangement,ترتيبات خاصة للحج والعمرة,yellow theme hajj special arrangement,ترتيب الحج الخاص ذو الطابع الأصفر,A bright and joyful yellow-themed floral arrangement for Hajj.,تنسيق زهور بطابع أصفر مشرق ومبهج لمناسبة الحج.,370,60,Greeting Card,بطاقة تهنئة
884,MOTHERS DAY SPECIAL ARRANGEMENT,ترتيبات خاصة ليوم الأم,MOTHERS DAY SPECIAL ATTRACTIVE BALOON WITH FLOWER MIX ARRANGEMENT 02,بالون جذاب ليوم الأم مع تنسيق زهور مشكل 02,Attractive balloon paired with a mix of flowers.,بالون جذاب يرافقه مزيج من الزهور.,240,60,Greeting Card,بطاقة تهنئة
885,MOTHERS DAY SPECIAL ARRANGEMENT,ترتيبات خاصة ليوم الأم,MOTHERS DAY SPECIAL ATTRACTIVE BALOON WITH FLOWER MIX ARRANGEMENT 03,بالون جذاب ليوم الأم مع تنسيق زهور مشكل 03,Another version of the attractive balloon and floral mix.,نسخة أخرى من البالون الجذاب وتنسيق الزهور.,260,60,Greeting Card,بطاقة تهنئة
886,MOTHERS DAY SPECIAL ARRANGEMENT,ترتيبات خاصة ليوم الأم,MOTHERS DAY SPECIAL ATTRACTIVE BALOON WITH FLOWER MIX ARRANGEMENT,بالون جذاب ليوم الأم مع تنسيق زهور مشكل,Attractive balloon with floral mix.,بالون جذاب مع تنسيق زهور مشكل.,240,60,Greeting Card,بطاقة تهنئة
887,MOTHERS DAY SPECIAL ARRANGEMENT,ترتيبات خاصة ليوم الأم,MOTHERS DAY SPECIAL BEAUTIFUL LILLY BOUQUET,بوكيه زنابق جميل ليوم الأم,A beautiful bouquet of lilies.,بوكيه زنابق جميل.,220,60,Greeting Card,بطاقة تهنئة
888,MOTHERS DAY SPECIAL ARRANGEMENT,ترتيبات خاصة ليوم الأم,MOTHERS DAY SPECIAL BLUBERRY CAKE WITH PURPLE FLOWER THEME,كيك توت أزرق ليوم الأم مع زهور بنفسجية,Blueberry cake with a purple flower theme.,كيك توت أزرق مع زهور بنفسجية.,270,60,Greeting Card,بطاقة تهنئة
889,MOTHERS DAY SPECIAL ARRANGEMENT,ترتيبات خاصة ليوم الأم,MOTHERS DAY SPECIAL CAKE LOVE RED AND WHITE THEME WITH FRESH FLOWERS,كيك يوم الأم بطابع أحمر وأبيض مع زهور طازجة,Red and white themed cake with fresh flowers.,كيك بطابع أحمر وأبيض مع زهور طازجة.,270,60,Greeting Card,بطاقة تهنئة
890,MOTHERS DAY SPECIAL ARRANGEMENT,ترتيبات خاصة ليوم الأم,MOTHERS DAY SPECIAL CAKE PINK THEME WITH PINK AND PEACH ROSE MIX,كيك يوم الأم بطابع وردي مع ورد وردي وخوخي,Pink themed cake with a mix of pink and peach roses.,كيك بطابع وردي مع مزيج من الورد الوردي والخوخي.,270,60,Greeting Card,بطاقة تهنئة
891,MOTHERS DAY SPECIAL ARRANGEMENT,ترتيبات خاصة ليوم الأم,MOTHERS DAY SPECIAL CAKE WHITE AND RED LOVE THEME WITH WHITE FRESH FLOWERS,كيك يوم الأم بطابع أحمر وأبيض مع زهور بيضاء,White and red themed cake with fresh white flowers.,كيك بطابع أحمر وأبيض مع زهور بيضاء طازجة.,270,60,Greeting Card,بطاقة تهنئة
892,MOTHERS DAY SPECIAL ARRANGEMENT,ترتيبات خاصة ليوم الأم,MOTHERS DAY SPECIAL CAKE WHITE AND RED THEME WITH RED ROSE,كيك يوم الأم بطابع أحمر وأبيض مع ورد أحمر,White and red themed cake with red roses.,كيك بطابع أحمر وأبيض مع ورد أحمر.,270,60,Greeting Card,بطاقة تهنئة
893,MOTHERS DAY SPECIAL ARRANGEMENT,ترتيبات خاصة ليوم الأم,MOTHERS DAY SPECIAL CAKE YELLOW THEME AND FUCHIA YELLO MIX FLOWER VASE,كيك يوم الأم بطابع أصفر مع زهور فوشيا وصفراء,Yellow themed cake with a fuchsia and yellow flower vase.,كيك بطابع أصفر مع فازة زهور فوشيا وصفراء.,340,60,Greeting Card,بطاقة تهنئة
894,MOTHERS DAY SPECIAL ARRANGEMENT,ترتيبات خاصة ليوم الأم,MOTHERS DAY SPECIAL love you mom pink and red roses bouquet,بوكيه ورد أحمر ووردي 'أحبك يا أمي' ليوم الأم,Love you mom' bouquet of pink and red roses.,بوكيه 'أحبك يا أمي' من الورد الأحمر والوردي.,180,60,Greeting Card,بطاقة تهنئة
895,MOTHERS DAY SPECIAL ARRANGEMENT,ترتيبات خاصة ليوم الأم,MOTHERS DAY SPECIAL PEACH SPECIAL TULIPS,توليب خوخي خاص ليوم الأم,Special peach tulips.,توليب خوخي خاص.,180,60,Greeting Card,بطاقة تهنئة
896,MOTHERS DAY SPECIAL ARRANGEMENT,ترتيبات خاصة ليوم الأم,MOTHERS DAY SPECIAL PINK AND FUCHIA BOUQUET,بوكيه ورد وردي وفوشيا ليوم الأم,A vibrant bouquet of pink and fuchsia flowers.,بوكيه زاهي من الزهور الوردية والفوشيا.,280,60,Greeting Card,بطاقة تهنئة
897,MOTHERS DAY SPECIAL ARRANGEMENT,ترتيبات خاصة ليوم الأم,MOTHERS DAY SPECIAL PINK AND YELOW MIX FLOWER VASE,فازة زهور مشكلة وردي وأصفر ليوم الأم,A mix of pink and yellow flowers in a vase.,مزيج من الزهور الوردية والصفراء في فازة.,390,60,Greeting Card,بطاقة تهنئة
898,MOTHERS DAY SPECIAL ARRANGEMENT,ترتيبات خاصة ليوم الأم,MOTHERS DAY SPECIAL PINK SIMPLE BOUQUET,بوكيه وردي بسيط ليوم الأم,A simple and elegant pink bouquet.,بوكيه وردي بسيط وأنيق.,40,60,Greeting Card,بطاقة تهنئة
899,MOTHERS DAY SPECIAL ARRANGEMENT,ترتيبات خاصة ليوم الأم,MOTHERS DAY SPECIAL PINK TULIP BOUQUET,بوكيه توليب وردي ليوم الأم,A beautiful bouquet of pink tulips.,بوكيه جميل من التوليب الوردي.,140,60,Greeting Card,بطاقة تهنئة
900,MOTHERS DAY SPECIAL ARRANGEMENT,ترتيبات خاصة ليوم الأم,mothers day special pinkish flower vase Pink Paradise,فازة زهور وردية 'جنة الوردي' ليوم الأم,A lush pink flower arrangement named 'Pink Paradise'.,تنسيق زهور وردي كثيف يسمى 'جنة الوردي'.,270,60,Greeting Card,بطاقة تهنئة
901,MOTHERS DAY SPECIAL ARRANGEMENT,ترتيبات خاصة ليوم الأم,mothers day special PinkISH WOW BOUQUET Paradise for Mom,بوكيه وردي مبهر 'جنة للأم' ليوم الأم,A stunning pink-themed bouquet for Mom.,بوكيه مذهل بطابع وردي للأم.,320,60,Greeting Card,بطاقة تهنئة
902,MOTHERS DAY SPECIAL ARRANGEMENT,ترتيبات خاصة ليوم الأم,MOTHERS DAY SPECIAL PURPLE WOW VASE,فازة بنفسجية مبهرة ليوم الأم,A stunning purple floral arrangement in a vase.,تنسيق زهور بنفسجي مذهل في فازة.,270,60,Greeting Card,بطاقة تهنئة
903,MOTHERS DAY SPECIAL ARRANGEMENT,ترتيبات خاصة ليوم الأم,mothers day special red and pink with gypson bouquet,بوكيه ورد أحمر ووردي مع جيبسوفيل ليوم الأم,Red and pink roses accented with Gypson.,ورود حمراء ووردية مع لمسات من الجيبسوفيل.,120,60,Greeting Card,بطاقة تهنئة
904,MOTHERS DAY SPECIAL ARRANGEMENT,ترتيبات خاصة ليوم الأم,"MOTHERS DAY SPECIAL SURPRISE BOX, WATH AND PERFUME WITH DRYFUITS AND FLOWERS 02",صندوق مفاجآت ليوم الأم: ساعة، عطر، فواكه مجففة وزهور 02,"A surprise gift box with a watch, perfume, dried fruits, and flowers.",صندوق هدايا مفاجئ يضم ساعة، عطراً، فواكه مجففة، وزهوراً.,390,60,Greeting Card,بطاقة تهنئة
905,MOTHERS DAY SPECIAL ARRANGEMENT,ترتيبات خاصة ليوم الأم,"MOTHERS DAY SPECIAL SURPRISE BOX, WATH AND PERFUME WITH DRYFUITS AND FLOWERS VERY SPECIAL 01",صندوق مفاجآت خاص جداً ليوم الأم 01,A very special surprise gift box.,صندوق هدايا مفاجئ خاص جداً.,390,60,Greeting Card,بطاقة تهنئة
906,MOTHERS DAY SPECIAL ARRANGEMENT,ترتيبات خاصة ليوم الأم,"MOTHERS DAY SPECIAL SURPRISE BOX, WATH AND PERFUME WITH DRYFUITS AND FLOWERS VERY SPECIAL",صندوق مفاجآت خاص جداً ليوم الأم,A premium surprise gift box.,صندوق هدايا مفاجئ فاخر.,390,60,Greeting Card,بطاقة تهنئة
907,MOTHERS DAY SPECIAL ARRANGEMENT,ترتيبات خاصة ليوم الأم,"MOTHERS DAY SPECIAL SURPRISE BOX, WATH AND PERFUME WITH DRYFUITS AND FLOWERS",صندوق مفاجآت ليوم الأم: ساعة، عطر، فواكه مجففة وزهور,A curated surprise gift box for mom.,صندوق هدايا مفاجئ للأم.,390,60,Greeting Card,بطاقة تهنئة
908,MOTHERS DAY SPECIAL ARRANGEMENT,ترتيبات خاصة ليوم الأم,MOTHERS DAY SPECIAL YELLOW AND FUCHIA MIX BOUQUET,بوكيه زهور أصفر وفوشيا مشكل ليوم الأم,A bright mix of yellow and fuchsia flowers.,مزيج زاهٍ من الزهور الصفراء والفوشيا.,190,60,Greeting Card,بطاقة تهنئة
909,MOTHERS DAY SPECIAL ARRANGEMENT,ترتيبات خاصة ليوم الأم,MOTHERS DAY SPECIAL YELLOW AND WHITE MIX BOUQUET,بوكيه زهور أصفر وأبيض مشكل ليوم الأم,A cheerful mix of yellow and white flowers.,مزيج مبهج من الزهور الصفراء والبيضاء.,250,60,Greeting Card,بطاقة تهنئة
910,MOTHERS DAY SPECIAL ARRANGEMENT,ترتيبات خاصة ليوم الأم,pink and red flower vase mothers day special,فازة زهور وردية وحمراء خاصة ليوم الأم,A beautiful arrangement of pink and red flowers in a vase.,تنسيق جميل من الزهور الوردية والحمراء في فازة.,190,60,Greeting Card,بطاقة تهنئة
911,NEW BORN BABY FLOWER ARRANGEMENT,تنسيق زهور للمولود الجديد,new born baby boy blue and white color flower bouquet 04,بوكيه زهور أزرق وأبيض لمولود ذكر جديد 04,A beautiful blue and white bouquet for a baby boy.,بوكيه زهور أزرق وأبيض جميل لمولود ذكر.,380,60,Greeting Card,بطاقة تهنئة
912,NEW BORN BABY FLOWER ARRANGEMENT,تنسيق زهور للمولود الجديد,new born baby boy blue and white color flower bouquet 06,بوكيه زهور أزرق وأبيض لمولود ذكر جديد 06,An elegant blue and white flower bouquet for a new baby boy.,بوكيه زهور أزرق وأبيض أنيق لمولود ذكر.,300,60,Greeting Card,بطاقة تهنئة
913,NEW BORN BABY FLOWER ARRANGEMENT,تنسيق زهور للمولود الجديد,new born baby boy blue color flower bouquet 01,بوكيه زهور أزرق لمولود ذكر جديد 01,A vibrant blue flower bouquet for a newborn boy.,بوكيه زهور أزرق زاهٍ لمولود ذكر.,190,60,Greeting Card,بطاقة تهنئة
914,NEW BORN BABY FLOWER ARRANGEMENT,تنسيق زهور للمولود الجديد,new born baby boy blue color flower bouquet 10,بوكيه زهور أزرق لمولود ذكر جديد 10,A stylish blue bouquet for a new baby boy.,بوكيه زهور أزرق أنيق لمولود ذكر.,180,60,Greeting Card,بطاقة تهنئة
915,NEW BORN BABY FLOWER ARRANGEMENT,تنسيق زهور للمولود الجديد,new born baby boy blue color flower bouquet 11,بوكيه زهور أزرق لمولود ذكر جديد 11,A fresh blue flower bouquet for a baby boy.,بوكيه زهور أزرق طازج لمولود ذكر.,180,60,Greeting Card,بطاقة تهنئة
916,NEW BORN BABY FLOWER ARRANGEMENT,تنسيق زهور للمولود الجديد,new born baby boy blue color flower bouquet 12,بوكيه زهور أزرق لمولود ذكر جديد 12,A beautiful blue flower bouquet for a newborn.,بوكيه زهور أزرق جميل لمولود جديد.,200,60,Greeting Card,بطاقة تهنئة
917,NEW BORN BABY FLOWER ARRANGEMENT,تنسيق زهور للمولود الجديد,new born baby boy blue color flower bouquet 20,بوكيه زهور أزرق لمولود ذكر جديد 20,A striking blue floral bouquet for a baby boy.,بوكيه زهور أزرق ملفت لمولود ذكر.,120,60,Greeting Card,بطاقة تهنئة
918,NEW BORN BABY FLOWER ARRANGEMENT,تنسيق زهور للمولود الجديد,new born baby boy blue color flower bouquet with cake and teddy 03,بوكيه زهور أزرق مع كيك ودبدوب لمولود ذكر جديد 03,A blue bouquet set with a cake and teddy bear for a baby boy.,مجموعة بوكيه أزرق مع كيك ودبدوب لمولود ذكر.,380,60,Greeting Card,بطاقة تهنئة
919,NEW BORN BABY FLOWER ARRANGEMENT,تنسيق زهور للمولود الجديد,new born baby boy blue color flower bouquet,بوكيه زهور أزرق لمولود ذكر جديد,A classic blue floral bouquet for a newborn boy.,بوكيه زهور أزرق كلاسيكي لمولود ذكر.,150,60,Greeting Card,بطاقة تهنئة
920,NEW BORN BABY FLOWER ARRANGEMENT,تنسيق زهور للمولود الجديد,new born baby boy blue color flower with vase 09,زهور زرقاء في فازة لمولود ذكر جديد 09,Blue flowers arranged in a vase for a baby boy.,زهور زرقاء مرتبة في فازة لمولود ذكر.,250,60,Greeting Card,بطاقة تهنئة
921,NEW BORN BABY FLOWER ARRANGEMENT,تنسيق زهور للمولود الجديد,new born baby boy blue color tulip 09,توليب أزرق لمولود ذكر جديد 09,A bouquet of blue tulips for a new baby boy.,بوكيه توليب أزرق لمولود ذكر.,150,60,Greeting Card,بطاقة تهنئة
922,NEW BORN BABY FLOWER ARRANGEMENT,تنسيق زهور للمولود الجديد,new born baby boy flower table center piece 18,تنسيق زهور مركزي لطاولة لمولود ذكر جديد 18,A floral table centerpiece for a baby boy celebration.,تنسيق زهور مركزي لطاولة لاحتفال مولود ذكر.,550,60,Greeting Card,بطاقة تهنئة
923,NEW BORN BABY FLOWER ARRANGEMENT,تنسيق زهور للمولود الجديد,new born baby boy lilly bouquet 14,بوكيه زنابق لمولود ذكر جديد 14,An elegant lily bouquet for a baby boy.,بوكيه زنابق أنيق لمولود ذكر.,180,60,Greeting Card,بطاقة تهنئة
924,NEW BORN BABY FLOWER ARRANGEMENT,تنسيق زهور للمولود الجديد,new born baby boy lilly bouquet 16,بوكيه زنابق لمولود ذكر جديد 16,A fresh lily bouquet for a new baby boy.,بوكيه زنابق طازج لمولود ذكر.,180,60,Greeting Card,بطاقة تهنئة
925,NEW BORN BABY FLOWER ARRANGEMENT,تنسيق زهور للمولود الجديد,new born baby boy lilly with rose bouquet 15,بوكيه زنابق مع ورود لمولود ذكر جديد 15,A mix of lilies and roses for a baby boy.,مزيج من الزنابق والورود لمولود ذكر.,180,60,Greeting Card,بطاقة تهنئة
926,NEW BORN BABY FLOWER ARRANGEMENT,تنسيق زهور للمولود الجديد,new born baby boy tulip hand bouquet 22,بوكيه يد توليب لمولود ذكر جديد 22,A beautiful hand bouquet of tulips for a baby boy.,بوكيه يد جميل من التوليب لمولود ذكر.,150,60,Greeting Card,بطاقة تهنئة
927,NEW BORN BABY FLOWER ARRANGEMENT,تنسيق زهور للمولود الجديد,new born baby boy white and blue color,زهور بيضاء وزرقاء لمولود ذكر جديد,A mix of white and blue flowers for a newborn.,مزيج من الزهور البيضاء والزرقاء لمولود جديد.,250,60,Greeting Card,بطاقة تهنئة
928,NEW BORN BABY FLOWER ARRANGEMENT,تنسيق زهور للمولود الجديد,new born baby boy white and blue color flower vase,فازة زهور بيضاء وزرقاء لمولود ذكر جديد,White and blue flowers arranged in a vase.,زهور بيضاء وزرقاء مرتبة في فازة لمولود ذكر.,370,60,Greeting Card,بطاقة تهنئة
929,NEW BORN BABY FLOWER ARRANGEMENT,تنسيق زهور للمولود الجديد,new born baby boy white and blue mix 26,زهور للمولود الجديد باللون الأبيض والأزرق 26,A mix of white and blue flowers for a newborn baby boy.,مزيج من الزهور البيضاء والزرقاء لمولود ذكر.,180,60,Greeting Card,بطاقة تهنئة
930,NEW BORN BABY FLOWER ARRANGEMENT,تنسيق زهور للمولود الجديد,new born baby boy white and blue color flower vase,فازة زهور للمولود الجديد باللون الأبيض والأزرق,White and blue flowers in a vase for a baby boy.,زهور بيضاء وزرقاء في فازة لمولود ذكر.,200,60,Greeting Card,بطاقة تهنئة
931,NEW BORN BABY FLOWER ARRANGEMENT,تنسيق زهور للمولود الجديد,new born baby boy lilly with rose bouquet 15,باقة زنابق مع ورد للمولود الجديد 15,Lilies and roses arranged for a baby boy.,تنسيق زنابق وورود لمولود ذكر.,370,60,Greeting Card,بطاقة تهنئة
932,NEW BORN BABY FLOWER ARRANGEMENT,تنسيق زهور للمولود الجديد,new born baby boy lilly bouquet 16,باقة زنابق للمولود الجديد 16,A fresh lily bouquet for a baby boy.,باقة زنابق طازجة لمولود ذكر.,180,60,Greeting Card,بطاقة تهنئة
933,NEW BORN BABY FLOWER ARRANGEMENT,تنسيق زهور للمولود الجديد,new born baby boy lilly bouquet 14,باقة زنابق للمولود الجديد 14,An elegant lily bouquet for a baby boy.,باقة زنابق أنيقة لمولود ذكر.,350,60,Greeting Card,بطاقة تهنئة
934,NEW BORN BABY FLOWER ARRANGEMENT,تنسيق زهور للمولود الجديد,new born baby boy flower table center piece 18,قطعة زهور مركزية للمولود الجديد 18,Floral center piece for baby boy celebration.,قطعة زهور مركزية لاحتفال بمولود ذكر.,270,60,Greeting Card,بطاقة تهنئة
935,NEW BORN BABY FLOWER ARRANGEMENT,تنسيق زهور للمولود الجديد,new born baby boy flower bouquet 19,باقة زهور للمولود الجديد 19,A vibrant flower bouquet for a baby boy.,باقة زهور زاهية لمولود ذكر.,330,60,Greeting Card,بطاقة تهنئة
936,NEW BORN BABY FLOWER ARRANGEMENT,تنسيق زهور للمولود الجديد,new born baby boy blue color tulip 09,توليب أزرق للمولود الجديد 09,Beautiful blue tulips for a baby boy.,توليب أزرق جميل لمولود ذكر.,250,60,Greeting Card,بطاقة تهنئة
937,NEW BORN BABY FLOWER ARRANGEMENT,تنسيق زهور للمولود الجديد,new born baby boy blue color flower with vase 09,زهور زرقاء للمولود الجديد مع فازة 09,Blue flowers in a vase.,زهور زرقاء في فازة.,370,60,Greeting Card,بطاقة تهنئة
938,NEW BORN BABY FLOWER ARRANGEMENT,تنسيق زهور للمولود الجديد,new born baby boy blue color flower bouquet,باقة زهور للمولود الجديد باللون الأزرق,A classic blue flower bouquet.,باقة زهور زرقاء كلاسيكية.,280,60,Greeting Card,بطاقة تهنئة
939,NEW BORN BABY FLOWER ARRANGEMENT,تنسيق زهور للمولود الجديد,new born baby boy blue color flower bouquet with cake and teddy 03,باقة زهور زرقاء للمولود الجديد مع كيك ودب 03,Blue bouquet with cake and teddy.,باقة زرقاء مع كيك ودب.,200,60,Greeting Card,بطاقة تهنئة
940,NEW BORN BABY FLOWER ARRANGEMENT,تنسيق زهور للمولود الجديد,new born baby boy blue color flower bouquet 20,باقة زهور للمولود الجديد باللون الأزرق 20,Stylish blue bouquet.,باقة زرقاء أنيقة.,250,60,Greeting Card,بطاقة تهنئة
941,NEW BORN BABY FLOWER ARRANGEMENT,تنسيق زهور للمولود الجديد,new born baby boy blue color flower bouquet 12,باقة زهور للمولود الجديد باللون الأزرق 12,Beautiful blue bouquet.,باقة زرقاء جميلة.,250,60,Greeting Card,بطاقة تهنئة
942,NEW BORN BABY FLOWER ARRANGEMENT,تنسيق زهور للمولود الجديد,new born baby boy blue color flower bouquet 11,باقة زهور للمولود الجديد باللون الأزرق 11,Cheerful blue bouquet.,باقة زرقاء مبهجة.,250,60,Greeting Card,بطاقة تهنئة
943,NEW BORN BABY FLOWER ARRANGEMENT,تنسيق زهور للمولود الجديد,new born baby boy blue color flower bouquet 10,باقة زهور للمولود الجديد باللون الأزرق 10,Elegant blue bouquet.,باقة زرقاء أنيقة.,200,60,Greeting Card,بطاقة تهنئة
944,NEW BORN BABY FLOWER ARRANGEMENT,تنسيق زهور للمولود الجديد,new born baby boy blue color flower bouquet 01,باقة زهور للمولود الجديد باللون الأزرق 01,Vibrant blue bouquet.,باقة زرقاء زاهية.,180,60,Greeting Card,بطاقة تهنئة
945,NEW BORN BABY FLOWER ARRANGEMENT,تنسيق زهور للمولود الجديد,new born baby boy blue and white color flower bouquet 06,باقة زهور للمولود الجديد باللون الأزرق والأبيض 06,Charming blue and white bouquet.,باقة زرقاء وبيضاء ساحرة.,220,60,Greeting Card,بطاقة تهنئة
946,NEW BORN BABY FLOWER ARRANGEMENT,تنسيق زهور للمولود الجديد,new born baby girl pink flower vase with teddy 012,فازة زهور وردية للمولود الجديد مع دب 012,A pink flower vase for a newborn baby girl with a teddy bear.,فازة زهور وردية لمولودة أنثى مع دب.,300,60,Greeting Card,بطاقة تهنئة
947,NEW BORN BABY FLOWER ARRANGEMENT,تنسيق زهور للمولود الجديد,new born baby girl pink rose flower hand bouquet 20,بوكيه يد ورد وردي لمولودة جديدة 20,A delicate pink rose hand bouquet for a newborn baby girl.,بوكيه يد رقيق من الورد الوردي لمولودة جديدة.,220,60,Greeting Card,بطاقة تهنئة
948,NEW BORN BABY FLOWER ARRANGEMENT,تنسيق زهور للمولود الجديد,new born baby girl pink rose hand bouquet 022,بوكيه يد ورد وردي لمولودة جديدة 022,An elegant hand bouquet of pink roses for a baby girl.,بوكيه يد أنيق من الورد الوردي لمولودة جديدة.,200,60,Greeting Card,بطاقة تهنئة
949,NEW BORN BABY FLOWER ARRANGEMENT,تنسيق زهور للمولود الجديد,new born baby girl special flower costumized name pinkish arrangement,تنسيق زهور وردي خاص مع اسم مخصص لمولودة جديدة,A customizable floral arrangement with a name for a baby girl.,تنسيق زهور وردي مخصص مع اسم لمولودة جديدة.,480,60,Greeting Card,بطاقة تهنئة
950,NEW BORN BABY FLOWER ARRANGEMENT,تنسيق زهور للمولود الجديد,new born baby girl tulip flower bouquet 08,بوكيه توليب لمولودة جديدة 08,A beautiful bouquet of tulips for a baby girl.,بوكيه جميل من التوليب لمولودة جديدة.,150,60,Greeting Card,بطاقة تهنئة
951,NEW BORN BABY FLOWER ARRANGEMENT,تنسيق زهور للمولود الجديد,new born baby girl very special lilly and pink rose vase arrangement with teddy 021,تنسيق فازة زنابق وورد وردي خاص جداً لمولودة جديدة مع دب 021,Special vase arrangement of lilies and pink roses with a teddy bear.,تنسيق فازة خاص من الزنابق والورود الوردية مع دب.,390,60,Greeting Card,بطاقة تهنئة
952,NEW BORN BABY FLOWER ARRANGEMENT,تنسيق زهور للمولود الجديد,new born baby girl white and pink mixed flower bouquet 016,بوكيه زهور مشكلة أبيض ووردي لمولودة جديدة 016,A charming mix of white and pink flowers for a baby girl.,مزيج ساحر من الزهور البيضاء والوردية لمولودة جديدة.,200,60,Greeting Card,بطاقة تهنئة
953,NEW BORN BABY FLOWER ARRANGEMENT,تنسيق زهور للمولود الجديد,new born baby girlpink rose bouquet 13,بوكيه ورد وردي لمولودة جديدة 13,A sweet pink rose bouquet for a baby girl.,بوكيه ورد وردي رقيق لمولودة جديدة.,180,60,Greeting Card,بطاقة تهنئة
954,PREMIUM FLOWER ARRANGEMENT,تنسيق زهور فاخر,white and golden flower premium arrangement,تنسيق زهور فاخر أبيض وذهبي,An elegant white and golden premium flower arrangement.,تنسيق زهور فاخر وأنيق باللونين الأبيض والذهبي.,380,60,Greeting Card,بطاقة تهنئة
955,PREMIUM FLOWER ARRANGEMENT,تنسيق زهور فاخر,blue arrangement flowers,تنسيق زهور أزرق,A beautiful blue flower arrangement.,تنسيق زهور أزرق جميل.,380,60,Greeting Card,بطاقة تهنئة
956,PREMIUM FLOWER ARRANGEMENT,تنسيق زهور فاخر,purple arrangement premium arrangement,تنسيق زهور بنفسجي فاخر,A luxurious purple premium flower arrangement.,تنسيق زهور بنفسجي فاخر ومميز.,380,60,Greeting Card,بطاقة تهنئة
957,PREMIUM FLOWER ARRANGEMENT,تنسيق زهور فاخر,pink premium flower arrangement,تنسيق زهور وردي فاخر,A lovely pink premium flower arrangement.,تنسيق زهور وردي فاخر وجذاب.,380,60,Greeting Card,بطاقة تهنئة
958,PREMIUM FLOWER ARRANGEMENT,تنسيق زهور فاخر,white premium flower arrangement,تنسيق زهور أبيض فاخر,A sophisticated white premium flower arrangement.,تنسيق زهور أبيض فاخر وراقٍ.,380,60,Greeting Card,بطاقة تهنئة
959,PREMIUM FLOWER ARRANGEMENT,تنسيق زهور فاخر,white and blue flower premium arrangement with money box,تنسيق زهور أبيض وأزرق فاخر مع صندوق نقود,White and blue premium arrangement including a money box.,تنسيق زهور فاخر باللونين الأبيض والأزرق مع صندوق للنقود.,300,60,Greeting Card,بطاقة تهنئة
960,PREMIUM FLOWER ARRANGEMENT,تنسيق زهور فاخر,flower mixed premium box arrangement,تنسيق زهور مشكلة فاخر في صندوق,A mix of flowers arranged in a premium box.,تنسيق زهور مشكلة في صندوق فاخر.,370,60,Greeting Card,بطاقة تهنئة
961,PREMIUM FLOWER ARRANGEMENT,تنسيق زهور فاخر,white and red with black base premium flower arrangement,تنسيق زهور فاخر أبيض وأحمر مع قاعدة سوداء,White and red flower arrangement on a sleek black base.,تنسيق زهور أبيض وأحمر على قاعدة سوداء أنيقة.,400,60,Greeting Card,بطاقة تهنئة
962,PREMIUM FLOWER ARRANGEMENT,تنسيق زهور فاخر,rose pink mixed premium arrangement,تنسيق زهور وردي مشكل فاخر,Mixed pink rose premium flower arrangement.,تنسيق زهور وردي مشكل فاخر.,380,60,Greeting Card,بطاقة تهنئة
963,PREMIUM FLOWER ARRANGEMENT,تنسيق زهور فاخر,white and green anthurium special premium arrangement,تنسيق أنثوريوم خاص أبيض وأخضر فاخر,Special white and green anthurium premium arrangement.,تنسيق فاخر خاص من زهور الأنثوريوم البيضاء والخضراء.,420,60,Greeting Card,بطاقة تهنئة
964,PREMIUM FLOWER ARRANGEMENT,تنسيق زهور فاخر,white and purple premium arrangement,تنسيق زهور أبيض وبنفسجي فاخر,A beautiful white and purple premium arrangement.,تنسيق زهور أبيض وبنفسجي فاخر وجميل.,250,60,Greeting Card,بطاقة تهنئة
965,PREMIUM FLOWER ARRANGEMENT,تنسيق زهور فاخر,fresh flower premium arrangement,تنسيق زهور طازجة فاخر,A premium arrangement of fresh flowers.,تنسيق فاخر من الزهور الطازجة.,320,60,Greeting Card,بطاقة تهنئة
966,PREMIUM FLOWER ARRANGEMENT,تنسيق زهور فاخر,premium arrangement green and pink mixed arrangement,تنسيق زهور فاخر مشكل أخضر ووردي,A mixed green and pink premium arrangement.,تنسيق زهور فاخر مشكل باللونين الأخضر والوردي.,350,60,Greeting Card,بطاقة تهنئة
967,PREMIUM FLOWER ARRANGEMENT,تنسيق زهور فاخر,premium flower table arrangement mixed flowers,تنسيق زهور فاخر للطاولات مشكل,Mixed flower premium table arrangement.,تنسيق زهور فاخر للطاولات من زهور مشكلة.,350,60,Greeting Card,بطاقة تهنئة
968,PREMIUM FLOWER ARRANGEMENT,تنسيق زهور فاخر,mixed table arrangement red and white flowers,تنسيق طاولات مشكل زهور حمراء وبيضاء,Red and white mixed flower table arrangement.,تنسيق طاولات مشكل من زهور حمراء وبيضاء.,280,60,Greeting Card,بطاقة تهنئة
969,PREMIUM FLOWER ARRANGEMENT,تنسيق زهور فاخر,premium arrangement acrilic with peach arrangement,تنسيق فاخر أكريليك مع زهور خوخية,Peach colored flower arrangement in a premium acrylic base.,تنسيق زهور خوخية في قاعدة أكريليك فاخرة.,380,60,Greeting Card,بطاقة تهنئة
970,PREMIUM FLOWER ARRANGEMENT,تنسيق زهور فاخر,arrangement red rose with black box premium love arrangement,تنسيق ورد أحمر في صندوق أسود فاخر,Red rose arrangement in a black premium box.,تنسيق ورد أحمر في صندوق أسود فاخر.,650,60,Greeting Card,بطاقة تهنئة
971,PREMIUM FLOWER ARRANGEMENT,تنسيق زهور فاخر,red rose arrangement premium table top arrangement,تنسيق ورد أحمر فاخر للطاولات,A premium red rose table top arrangement.,تنسيق فاخر من الورد الأحمر للطاولات.,350,60,Greeting Card,بطاقة تهنئة
972,PREMIUM FLOWER ARRANGEMENT,تنسيق زهور فاخر,red premium birthday gift teddy fresh flower arrangement,تنسيق ورد طبيعي فاخر على شكل دب لعيد الميلاد,A premium red teddy bear made of fresh flowers.,دب فاخر مصنوع من الورد الأحمر الطبيعي.,980,60,Greeting Card,بطاقة تهنئة
973,PREMIUM FLOWER ARRANGEMENT,تنسيق زهور فاخر,premium fresh flower anthurium arrangement,تنسيق زهور الأنثوريوم الطبيعية الفاخرة,A luxurious arrangement of fresh anthurium flowers.,تنسيق فاخر من زهور الأنثوريوم الطازجة.,380,60,Greeting Card,بطاقة تهنئة
974,PREMIUM FLOWER ARRANGEMENT,تنسيق زهور فاخر,premium acrilic special flower arrangement,تنسيق زهور خاص في قاعدة أكريليك فاخرة,Special flower arrangement set in premium acrylic.,تنسيق زهور خاص مثبت في قاعدة أكريليك فاخرة.,350,60,Greeting Card,بطاقة تهنئة
975,PREMIUM FLOWER ARRANGEMENT,تنسيق زهور فاخر,only yellow arrangement NO-638,تنسيق زهور باللون الأصفر فقط رقم 638,A bright all-yellow floral arrangement.,تنسيق زهور زاهي باللون الأصفر بالكامل.,270,60,Greeting Card,بطاقة تهنئة
976,PREMIUM FLOWER ARRANGEMENT,تنسيق زهور فاخر,arrangement of surpice NO-639,تنسيق المفاجأة رقم 639,A surprising and delightful floral arrangement.,تنسيق زهور مفاجئ ومبهج.,250,60,Greeting Card,بطاقة تهنئة
977,PREMIUM FLOWER ARRANGEMENT,تنسيق زهور فاخر,yellow arrangement NO-640,تنسيق زهور أصفر رقم 640,A cheerful yellow floral arrangement.,تنسيق زهور أصفر مبهج.,370,60,Greeting Card,بطاقة تهنئة
978,PREMIUM FLOWER ARRANGEMENT,تنسيق زهور فاخر,Premium arrangement white rose vase wow arrangement,تنسيق ورود بيضاء فاخر في مزهرية,"Classic white roses arranged in a tall, elegant glass vase.",ورود بيضاء كلاسيكية منسقة في مزهرية زجاجية طويلة وأنيقة.,550,60,Greeting Card,بطاقة تهنئة
979,PREMIUM FLOWER ARRANGEMENT,تنسيق زهور فاخر,Purple tulip with vase arrangement,تنسيق زهور التوليب البنفسجي في مزهرية,Fresh vibrant purple tulips perfectly placed in a clear vase.,زهور توليب بنفسجية طبيعية زاهية موضوعة بشكل مثالي في مزهرية شفافة.,200,60,Greeting Card,بطاقة تهنئة
980,PREMIUM FLOWER ARRANGEMENT,تنسيق زهور فاخر,Fresh pink tulip bunch,باقة توليب وردي طبيعي,"A beautiful, natural bunch of premium pink tulips.",باقة جميلة وطبيعية من زهور التوليب الوردية الفاخرة.,230,60,Greeting Card,بطاقة تهنئة
981,PREMIUM FLOWER ARRANGEMENT,تنسيق زهور فاخر,Fresh white tulip,توليب أبيض طبيعي,Minimalist and elegant bunch of fresh white tulips.,باقة بسيطة وأنيقة من زهور التوليب البيضاء الطازجة.,250,60,Greeting Card,بطاقة تهنئة
982,PREMIUM FLOWER ARRANGEMENT,تنسيق زهور فاخر,Lilly with vase arrangement,تنسيق زهور الزنبق (ليلي) في مزهرية,Fragrant lilies arranged gracefully in a glass vase.,زهور زنبق عطرية منسقة بأناقة في مزهرية زجاجية.,250,60,Greeting Card,بطاقة تهنئة
983,PREMIUM FLOWER ARRANGEMENT,تنسيق زهور فاخر,Cala lilly bridal bouquet,باقة زهور كالا ليلي للعروس,"Sophisticated white calla lilies, perfect for bridal elegance.",زهور كالا ليلي بيضاء متطورة، مثالية لأناقة العروس.,250,60,Greeting Card,بطاقة تهنئة
984,PREMIUM FLOWER ARRANGEMENT,تنسيق زهور فاخر,Hydrangea lilly and white special flower arrangement,تنسيق زهور خاص من الهيدرانجيا والزنبق الأبيض,A luxurious combination of white hydrangea and lilies.,مزيج فاخر من الهيدرانجيا البيضاء والزنبق.,460,60,Greeting Card,بطاقة تهنئة
985,PREMIUM FLOWER ARRANGEMENT,تنسيق زهور فاخر,White special flower tall arrangement,تنسيق زهور بيضاء خاص طويل,"A tall, majestic arrangement of premium white seasonal flowers.",تنسيق طويل ومهيب من الزهور البيضاء الموسمية الفاخرة.,280,60,Greeting Card,بطاقة تهنئة
986,PREMIUM FLOWER ARRANGEMENT,تنسيق زهور فاخر,Pink and white hand bouquet arrangement,باقة يد من الزهور الوردية والبيضاء,A hand-tied bouquet mixing soft pink and pristine white blooms.,باقة مربوطة يدوياً تمزج بين الزهور الوردية الناعمة والبيضاء النقية.,320,60,Greeting Card,بطاقة تهنئة
987,PREMIUM FLOWER ARRANGEMENT,تنسيق زهور فاخر,Cala lilly and hydrangea with vase arrangement,تنسيق زهور كالا ليلي وهيدرانجيا في مزهرية,Artistic blend of calla lilies and hydrangea in a luxury vase.,مزيج فني من زهور كالا ليلي والهيدرانجيا في مزهرية فاخرة.,630,60,Greeting Card,بطاقة تهنئة
988,PREMIUM FLOWER ARRANGEMENT,تنسيق زهور فاخر,Lilly and rose mix vase arrangement,تنسيق مزهرية مكس من الزنبق والورود,A romantic mix of soft pink roses and white lilies.,مزيج رومانسي من الورود الوردية الناعمة والزنبق الأبيض.,280,60,Greeting Card,بطاقة تهنئة
989,PREMIUM FLOWER ARRANGEMENT,تنسيق زهور فاخر,Special floral pinkish and green arrangement,تنسيق زهور خاص باللون الوردي والأخضر,A lush arrangement featuring pink flowers and decorative greenery.,تنسيق غني يتميز بزهور وردية وخضرة مزخرفة.,390,60,Greeting Card,بطاقة تهنئة
990,PREMIUM FLOWER ARRANGEMENT,تنسيق زهور فاخر,SWEET HARMONY NO-659,سويت هارموني رقم 659,Beautiful mix of red flowers in a basket.,مزيج جميل من الزهور الحمراء في سلة.,470,60,Greeting Card,بطاقة تهنئة
991,PREMIUM FLOWER ARRANGEMENT,تنسيق زهور فاخر,pink lilly and rose mix with black box arrangement,تنسيق زهور الزنبق والورود الوردية في صندوق أسود,Elegant lilies and roses in a luxury black box.,زنبق وورود أنيقة في صندوق أسود فاخر.,370,60,Greeting Card,بطاقة تهنئة
992,PREMIUM FLOWER ARRANGEMENT,تنسيق زهور فاخر,floral unique premium vase pink and purple mix arrangement,تنسيق زهور فريد في مزهرية بألوان وردي وبنفسجي,Unique mix of pink and purple floral stems.,مزيج فريد من سيقان الزهور الوردية والبنفسجية.,380,60,Greeting Card,بطاقة تهنئة
993,PREMIUM FLOWER ARRANGEMENT,تنسيق زهور فاخر,floral unique pink and mixed special flower arrangement,تنسيق زهور خاص وفريد بألوان وردية متنوعة,Special arrangement featuring various pink blooms.,تنسيق خاص يضم أزهاراً وردية متنوعة.,350,60,Greeting Card,بطاقة تهنئة
994,PREMIUM FLOWER ARRANGEMENT,تنسيق زهور فاخر,PURE GRACE NO-653,بيور جريس رقم 653,Classic arrangement with red and greenery.,تنسيق كلاسيكي باللون الأحمر والخضرة.,380,60,Greeting Card,بطاقة تهنئة
995,PREMIUM FLOWER ARRANGEMENT,تنسيق زهور فاخر,white hydrangea and flower mix special vase arrangement,تنسيق زهور الهيدرانجيا البيضاء في مزهرية خاصة,Sophisticated white hydrangea mix.,مزيج الهيدرانجيا البيضاء المتطور.,200,60,Greeting Card,بطاقة تهنئة
996,PREMIUM FLOWER ARRANGEMENT,تنسيق زهور فاخر,white rose with vase arrangement,تنسيق ورود بيضاء في مزهرية,Pure white roses in a clear glass vase.,ورود بيضاء نقية في مزهرية زجاجية شفافة.,200,60,Greeting Card,بطاقة تهنئة
997,PREMIUM FLOWER ARRANGEMENT,تنسيق زهور فاخر,orange rose with vase arrangement,تنسيق ورود برتقالية في مزهرية,Vibrant orange roses in a glass vase.,ورود برتقالية نابضة بالحياة في مزهرية زجاجية.,200,60,Greeting Card,بطاقة تهنئة
998,PREMIUM FLOWER ARRANGEMENT,تنسيق زهور فاخر,white and pink rose mix vase arrangement,تنسيق ورود بيضاء ووردية في مزهرية,Soft mix of white and pink roses.,مزيج ناعم من الورود البيضاء والوردية.,200,60,Greeting Card,بطاقة تهنئة
999,PREMIUM FLOWER ARRANGEMENT,تنسيق زهور فاخر,yellow rose with vase arrangement,تنسيق ورود صفراء في مزهرية,Bright yellow roses in a glass vase.,ورود صفراء زاهية في مزهرية زجاجية.,200,60,Greeting Card,بطاقة تهنئة
1000,PREMIUM FLOWER ARRANGEMENT,تنسيق زهور فاخر,red rose with vase arrangement,تنسيق ورود حمراء في مزهرية,Classic red roses in a glass vase.,ورود حمراء كلاسيكية في مزهرية زجاجية.,200,60,Greeting Card,بطاقة تهنئة
1001,PREMIUM FLOWER ARRANGEMENT,تنسيق زهور فاخر,pink rose with vase arrangement,تنسيق ورود وردية في مزهرية,Beautiful pink roses in a glass vase.,ورود وردية جميلة في مزهرية زجاجية.,280,60,Greeting Card,بطاقة تهنئة
1002,PREMIUM FLOWER ARRANGEMENT,تنسيق زهور فاخر,orange and yellow gerbera mix arrangement,تنسيق جربيرا برتقالي وأصفر,Vibrant mix of orange and yellow gerberas.,مزيج نابض بالحياة من الجربيرا البرتقالية والصفراء.,430,60,Greeting Card,بطاقة تهنئة
1003,PREMIUM FLOWER ARRANGEMENT,تنسيق زهور فاخر,unique arrangement white carnition and fuchia baby rose premium arrangement,تنسيق فريد من القرنفل الأبيض والبيبي روز الفوشيا,Artistic mix of white carnations and fuchsia roses.,مزيج فني من القرنفل الأبيض والورود الفوشيا.,230,60,Greeting Card,بطاقة تهنئة
1004,PREMIUM FLOWER ARRANGEMENT,تنسيق زهور فاخر,premium flower with green vase arrangemnt,تنسيق زهور فاخر في مزهرية خضراء,Elegant flower arrangement in a green vase.,تنسيق زهور أنيق في مزهرية خضراء.,220,60,Greeting Card,بطاقة تهنئة
1005,PREMIUM FLOWER ARRANGEMENT,تنسيق زهور فاخر,premium white special gerbera flowers with white vase,زهور جربيرا بيضاء خاصة في مزهرية بيضاء,Clean white gerberas in a white vase.,جربيرا بيضاء نقية في مزهرية بيضاء.,220,60,Greeting Card,بطاقة تهنئة
1006,PREMIUM FLOWER ARRANGEMENT,تنسيق زهور فاخر,fuchia and green premium tall arrangement,تنسيق طويل فاخر بألوان فوشيا وخضراء,"Tall, majestic arrangement in fuchsia and green. ",تنسيق طويل ومهيب بألوان الفوشيا والأخضر.,280,60,Greeting Card,بطاقة تهنئة
1007,PREMIUM FLOWER ARRANGEMENT,تنسيق زهور فاخر,green hydrangea with gerbera flowers and gift space arrangement,هيدرانجيا خضراء مع زهور الجربيرا,Creative arrangement with green hydrangea and gerberas.,تنسيق إبداعي مع الهيدرانجيا الخضراء والجربيرا.,290,60,Greeting Card,بطاقة تهنئة
1008,PREMIUM FLOWER ARRANGEMENT,تنسيق زهور فاخر,flower bag with flower premium arrangement,تنسيق زهور فاخر في حقيبة زهور,Fresh flowers presented in a stylish carrying bag.,زهور طبيعية مقدمة في حقيبة حمل أنيقة.,220,60,Greeting Card,بطاقة تهنئة
1009,PREMIUM FLOWER ARRANGEMENT,تنسيق زهور فاخر,flower pink with white bag premium arrangement,تنسيق زهور وردية فاخر في حقيبة بيضاء,Pink blooms elegantly arranged in a white premium bag.,أزهار وردية منسقة بأناقة في حقيبة بيضاء فاخرة.,250,60,Greeting Card,بطاقة تهنئة
1010,PREMIUM FLOWER ARRANGEMENT,تنسيق زهور فاخر,flowers with purple theme vase arrangement,تنسيق زهور بطابع بنفسجي في مزهرية,Purple-themed floral display in a decorative glass vase.,عرض زهور بطابع بنفسجي في مزهرية زجاجية مزخرفة.,400,60,Greeting Card,بطاقة تهنئة
1011,PREMIUM FLOWER ARRANGEMENT,تنسيق زهور فاخر,SPRAY WITH FLOWERS MIX NO-1007,تنسيق زهور متنوعة رقم 1007,A vibrant spray of mixed seasonal flowers.,باقة متنوعة من الزهور الموسمية النابضة بالحياة.,300,60,Greeting Card,بطاقة تهنئة
1012,PREMIUM FLOWER ARRANGEMENT,تنسيق زهور فاخر,RED ROSE WITH WHITE BASKET OR VASE AND SPACE WITH GIFT ARRANGEMENT,ورد أحمر في سلة أو مزهرية بيضاء مع مساحة لهدية,Red roses accompanied by a dedicated space for gifts.,ورود حمراء مصحوبة بمساحة مخصصة للهدايا.,320,60,Greeting Card,بطاقة تهنئة
1013,PREMIUM FLOWER ARRANGEMENT,تنسيق زهور فاخر,HYDRANGEA AND PINK COLOR THEMED ARRANGEMENT,تنسيق زهور بطابع الهيدرانجيا واللون الوردي,Hydrangea and pink flowers in a coordinated arrangement.,تنسيق يجمع بين الهيدرانجيا والزهور الوردية.,270,60,Greeting Card,بطاقة تهنئة
1014,PREMIUM FLOWER ARRANGEMENT,تنسيق زهور فاخر,WHITE DECO WITH WHITE GERBERA AND SPACE WILL GIVE PUT GIFT ON THAT ARRANGEMENT,ديكور أبيض مع جربيرا بيضاء ومساحة لوضع هدية,White theme with gerberas and an integrated gift holder.,طابع أبيض مع زهور الجربيرا وحامل هدايا مدمج.,350,60,Greeting Card,بطاقة تهنئة
1015,PREMIUM FLOWER ARRANGEMENT,تنسيق زهور فاخر,HAND BOUQUET WHITE 30 PCS ROSE NO-1012,باقة يد ورود بيضاء 30 قطعة رقم 1012,A large hand-tied bouquet of 30 pristine white roses.,باقة يد كبيرة مكونة من 30 وردة بيضاء نقية.,200,60,Greeting Card,بطاقة تهنئة
1016,PREMIUM FLOWER ARRANGEMENT,تنسيق زهور فاخر,GERBERA WHITE WITH GREEN AND SPACE WILL GIVE ON THAT GIFT. NICE ARRANGEMENT NO-614,جربيرا بيضاء مع خضرة ومساحة لوضع هدية رقم 614,White gerberas with greenery and a built-in gift section.,زهور جربيرا بيضاء مع خضرة وقسم مدمج للهدايا.,250,60,Greeting Card,بطاقة تهنئة
1017,PREMIUM FLOWER ARRANGEMENT,تنسيق زهور فاخر,WHITE FLOWER ACRILIC ARRANGEMENT NO-638,تنسيق زهور بيضاء في أكريليك رقم 638,White flowers elegantly set in a modern acrylic base.,زهور بيضاء موضوعة بأناقة في قاعدة أكريليك عصرية.,250,60,Greeting Card,بطاقة تهنئة
1018,PREMIUM FLOWER ARRANGEMENT,تنسيق زهور فاخر,UNIQUE AND WHITE AND BLUE ARRANGEMENT NO-640,تنسيق فريد باللونين الأبيض والأزرق رقم 640,A striking contrast of white and blue floral elements.,تباين مذهل بين عناصر الزهور البيضاء والزرقاء.,250,60,Greeting Card,بطاقة تهنئة
1019,PREMIUM FLOWER ARRANGEMENT,تنسيق زهور فاخر,YELLOW AND BEIGE GERBERA ACRILIC ARRANGEMENT,تنسيق جربيرا باللونين الأصفر والبيج في أكريليك,Yellow and beige gerberas in a sleek acrylic display.,زهور جربيرا صفراء وبيج في عرض أكريليك أنيق.,250,60,Greeting Card,بطاقة تهنئة
1020,PREMIUM FLOWER ARRANGEMENT,تنسيق زهور فاخر,PINK BUTTERFLY BAG WITH PINK FLOWER ARRANGEMENT NO-650,حقيبة الفراشة الوردية مع تنسيق زهور وردية رقم 650,Pink floral arrangement in a decorative butterfly-themed bag.,تنسيق زهور وردية في حقيبة مزخرفة بطابع الفراشة.,220,60,Greeting Card,بطاقة تهنئة
1021,PREMIUM FLOWER ARRANGEMENT,تنسيق زهور فاخر,WHITE MIXED FLOWERS WITH FOREX ARRANGEMENT,تنسيق زهور بيضاء متنوعة في قاعدة فوركس,Mixed white flowers set in a sturdy forex base.,زهور بيضاء متنوعة موضوعة في قاعدة فوركس متينة.,530,60,Greeting Card,بطاقة تهنئة
1022,PREMIUM FLOWER ARRANGEMENT,تنسيق زهور فاخر,PINK FLOWERS WITH PINK FOREX ARRANGEMENT,تنسيق زهور وردية في قاعدة فوركس وردية,Pink flowers displayed on a matching pink forex base.,زهور وردية معروضة على قاعدة فوركس وردية متناسقة.,490,60,Greeting Card,بطاقة تهنئة
1023,PREMIUM FLOWER ARRANGEMENT,تنسيق زهور فاخر,SOPHISTICATED SPLENDOR NO-629,أناقة راقية رقم 629,"A high-end, artistic arrangement for luxury gifting.",تنسيق فني راقٍ للهدايا الفاخرة.,420,60,Greeting Card,بطاقة تهنئة
1024,PREMIUM FLOWER ARRANGEMENT,تنسيق زهور فاخر,WHITE MIX FLOWERS WITH PINK FOREX ARRANGEMENT,تنسيق زهور بيضاء متنوعة في قاعدة فوركس وردية,Mixed white flowers presented on a pink forex stand.,زهور بيضاء متنوعة مقدمة على حامل فوركس وردي.,550,60,Greeting Card,بطاقة تهنئة
1025,Ramadan Special Flower Arrangement,تنسيق زهور رمضان,ramadan flower arrangement 150,تنسيق زهور رمضان 150,Purple crescent floral design with decorative lantern.,تصميم هلال زهري بنفسجي مع فانوس مزخرف.,540,60,Greeting Card,بطاقة تهنئة
1026,Ramadan Special Flower Arrangement,تنسيق زهور رمضان,ramadan flower arrangement 160,تنسيق زهور رمضان 160,Red floral crescent arrangement with traditional lanterns.,تنسيق هلال زهري أحمر مع فوانيس تقليدية.,540,60,Greeting Card,بطاقة تهنئة
1027,Ramadan Special Flower Arrangement,تنسيق زهور رمضان,ramadan flower arrangement 170,تنسيق زهور رمضان 170,Elegant all-white floral crescent design.,تصميم هلال زهري أنيق باللون الأبيض بالكامل.,540,60,Greeting Card,بطاقة تهنئة
1028,Ramadan Special Flower Arrangement,تنسيق زهور رمضان,ramadan flower arrangement 180,تنسيق زهور رمضان 180,Vibrant yellow crescent arrangement on a white base.,تنسيق هلال أصفر نابض بالحياة على قاعدة بيضاء.,540,60,Greeting Card,بطاقة تهنئة
1029,Ramadan Special Flower Arrangement,تنسيق زهور رمضان,ramadan flower arrangement 190,تنسيق زهور رمضان 190,White floral crescent featuring Arabic calligraphy.,هلال زهري أبيض يتميز بخط عربي.,590,60,Greeting Card,بطاقة تهنئة
1030,10 Roses Set,مجموعة 10 ورود,10 Blue and White Rose Bunch NO-5050,باقة 10 وردات زرقاء وبيضاء رقم 5050,A stunning combination of 10 blue and white roses.,مزيج مذهل من 10 وردات زرقاء وبيضاء.,140,60,Greeting Card,بطاقة تهنئة
1031,10 Roses Set,مجموعة 10 ورود,10 Fushia Rose Bunch NO-5052,باقة 10 وردات فوشيا رقم 5052,A vibrant bunch of 10 fuchsia roses.,باقة زاهية من 10 وردات بلون الفوشيا.,140,60,Greeting Card,بطاقة تهنئة
1032,10 Roses Set,مجموعة 10 ورود,10 Pink Rose NO-5051,10 وردات وردية رقم 5051,An elegant arrangement of 10 soft pink roses.,تنسيق أنيق من 10 وردات وردية ناعمة.,140,60,Greeting Card,بطاقة تهنئة
1033,10 Roses Set,مجموعة 10 ورود,10 Purple Roses NO-5010,10 وردات بنفسجية رقم 5010,A rich collection of 10 deep purple roses.,مجموعة غنية من 10 وردات بنفسجية عميقة.,140,60,Greeting Card,بطاقة تهنئة
1034,10 Roses Set,مجموعة 10 ورود,10 Red Roses Set NO-5014,طقم 10 وردات حمراء رقم 5014,A classic set of 10 deep red roses.,طقم كلاسيكي من 10 وردات حمراء داكنة.,140,60,Greeting Card,بطاقة تهنئة
1035,10 Roses Set,مجموعة 10 ورود,10 Rose and Fushia NO-5053,10 وردات (ورد وفوشيا) رقم 5053,A beautiful blend of 10 pink and fuchsia roses.,مزيج جميل من 10 وردات وردية وفوشيا.,140,60,Greeting Card,بطاقة تهنئة
1036,10 Roses Set,مجموعة 10 ورود,10 ROSES SET NO-5013,مجموعة 10 ورود رقم 5013,A set of 10 bright orange roses.,مجموعة من 10 ورود برتقالية زاهية.,140,60,Greeting Card,بطاقة تهنئة
1037,10 Roses Set,مجموعة 10 ورود,10 WHITE & YELLOW ROSES NO-5015,مجموعة 10 ورود بيضاء وصفراء رقم 5015,A mixed set of 10 white and yellow roses.,مجموعة مختلطة من 10 ورود بيضاء وصفراء.,140,60,Greeting Card,بطاقة تهنئة
1038,10 Roses Set,مجموعة 10 ورود,10 WHITE ROSE NO-5016,مجموعة 10 ورود بيضاء رقم 5016,A set of 10 elegant white roses.,مجموعة من 10 ورود بيضاء أنيقة.,140,60,Greeting Card,بطاقة تهنئة
1039,10 Roses Set,مجموعة 10 ورود,10 WHITE ROSES NO-5017,مجموعة 10 ورود بيضاء رقم 5017,A set of 10 white roses arranged for display.,مجموعة من 10 ورود بيضاء منسقة للعرض.,140,60,Greeting Card,بطاقة تهنئة
1040,20 Roses Set,مجموعة 20 وردة,20 BLUE ROSE NO-5056,20 وردة زرقاء رقم 5056,A premium bunch of 20 striking blue roses.,باقة فاخرة من 20 وردة زرقاء جذابة.,240,60,Greeting Card,بطاقة تهنئة
1041,20 Roses Set,مجموعة 20 وردة,20 ORANGE ROSES SET NO-5003,20 وردة برتقالية رقم 5003,Vibrant set of 20 orange roses for a bright look.,مجموعة نابضة بالحياة من 20 وردة برتقالية لإطلالة مشرقة.,240,60,Greeting Card,بطاقة تهنئة
1042,20 Roses Set,مجموعة 20 وردة,20 RED ROSES SET NO-5006,20 وردة حمراء رقم 5006,Classic set of 20 deep red roses.,مجموعة كلاسيكية من 20 وردة حمراء داكنة.,240,60,Greeting Card,بطاقة تهنئة
1043,20 Roses Set,مجموعة 20 وردة,20 ROSE BLUE AND WHITE ROSE NO-5055,20 وردة زرقاء وبيضاء رقم 5055,A unique mix of 20 blue and white roses.,مزيج فريد من 20 وردة زرقاء وبيضاء.,240,60,Greeting Card,بطاقة تهنئة
1044,20 Roses Set,مجموعة 20 وردة,20 WHITE & PINK NO-5054,20 وردة بيضاء ووردية رقم 5054,Elegant set of 20 white and pink roses.,مجموعة أنيقة من 20 وردة بيضاء ووردية.,240,60,Greeting Card,بطاقة تهنئة
1045,20 Roses Set,مجموعة 20 وردة,20 WHITE & PINK ROSE NO-5057,20 وردة بيضاء ووردية رقم 5057,A beautiful arrangement of 20 white and pink roses.,تنسيق جميل من 20 وردة بيضاء ووردية.,240,60,Greeting Card,بطاقة تهنئة
1046,20 Roses Set,مجموعة 20 وردة,20 WHITE & YELLOW ROSES NO-5001,20 وردة بيضاء وصفراء رقم 5001,A cheerful set of 20 white and yellow roses.,مجموعة مبهجة من 20 وردة بيضاء وصفراء.,240,60,Greeting Card,بطاقة تهنئة
1047,20 Roses Set,مجموعة 20 وردة,20 WHITE ROSE NO-5008,20 وردة بيضاء رقم 5008,A set of 20 pure white roses in a vase style.,مجموعة من 20 وردة بيضاء نقية بتصميم مزهرية.,240,60,Greeting Card,بطاقة تهنئة
1048,20 Roses Set,مجموعة 20 وردة,20 WHITE ROSES NO-5000,20 وردة بيضاء رقم 5000,A sophisticated bunch of 20 white roses.,باقة راقية من 20 وردة بيضاء.,240,60,Greeting Card,بطاقة تهنئة
1049,25 Roses Set,مجموعة 25 وردة,25 RED ROSES SET NO-5061,مجموعة 25 وردة حمراء رقم 5061,A bouquet of 25 premium red roses.,باقة من 25 وردة حمراء فاخرة.,290,60,Greeting Card,بطاقة تهنئة
1050,25 Roses Set,مجموعة 25 وردة,25 MIX ROSES SET NO-5058,مجموعة 25 وردة مشكلة رقم 5058,A colorful mix of 25 assorted roses.,تشكيلة ملونة من 25 وردة متنوعة.,290,60,Greeting Card,بطاقة تهنئة
1051,25 Roses Set,مجموعة 25 وردة,25 ORANGE ROSES BUNDLE NO-5059,باقة 25 وردة برتقالية رقم 5059,25 bright orange roses in a bundle.,25 وردة برتقالية زاهية في باقة.,290,60,Greeting Card,بطاقة تهنئة
1052,25 Roses Set,مجموعة 25 وردة,25 PINK ROSES SET NO-5060,مجموعة 25 وردة وردية رقم 5060,A delicate bunch of 25 pink roses.,باقة رقيقة من 25 وردة وردية.,290,60,Greeting Card,بطاقة تهنئة
1053,25 Roses Set,مجموعة 25 وردة,25 PURPLE ROSES NO-5061,مجموعة 25 وردة بنفسجية رقم 5061,Elegant 25 purple roses arrangement.,تنسيق أنيق من 25 وردة بنفسجية.,290,60,Greeting Card,بطاقة تهنئة
1054,25 Roses Set,مجموعة 25 وردة,25 RED ROSES SET NO-5014,مجموعة 25 وردة حمراء رقم 5014,25 classic red roses for any occasion.,25 وردة حمراء كلاسيكية لكل المناسبات.,290,60,Greeting Card,بطاقة تهنئة
1055,25 Roses Set,مجموعة 25 وردة,25 ROSE BLUE NO-5066,مجموعة 25 وردة زرقاء رقم 5066,Striking 25 blue rose bouquet.,باقة 25 وردة زرقاء جذابة.,290,60,Greeting Card,بطاقة تهنئة
1056,25 Roses Set,مجموعة 25 وردة,25 ROSE FUSHIA NO-5065,مجموعة 25 وردة فوشيا رقم 5065,Vibrant 25 fuchsia roses bunch.,باقة 25 وردة فوشيا نابضة بالحياة.,290,60,Greeting Card,بطاقة تهنئة
1057,25 Roses Set,مجموعة 25 وردة,25 ROSE MIX NO-5062,مجموعة 25 وردة مشكلة رقم 5062,A vibrant mix of 25 roses.,مزيج نابض بالحياة من 25 وردة.,290,60,Greeting Card,بطاقة تهنئة
1058,25 Roses Set,مجموعة 25 وردة,25 WHITE ROSES BUNDLE NO-5063,باقة 25 وردة بيضاء رقم 5063,25 pure white roses bundled together.,25 وردة بيضاء نقية مربوطة معاً.,290,60,Greeting Card,بطاقة تهنئة
1059,25 Roses Set,مجموعة 25 وردة,25 YELLOW ROSES NO-5064,مجموعة 25 وردة صفراء رقم 5064,A cheerful bouquet of 25 yellow roses.,باقة مبهجة من 25 وردة صفراء.,290,60,Greeting Card,بطاقة تهنئة
1060,30 ROSES SET,مجموعة 30 وردة,30 MIX ROSES SET NO-5005,مجموعة 30 وردة مشكلة رقم 5005,A colorful mix of 30 roses.,تشكيلة ملونة من 30 وردة.,340,60,Greeting Card,بطاقة تهنئة
1061,30 ROSES SET,مجموعة 30 وردة,30 ORANGE ROSES BUNDLE NO-5009,باقة 30 وردة برتقالية رقم 5009,Bundle of 30 vibrant orange roses.,باقة من 30 وردة برتقالية زاهية.,340,60,Greeting Card,بطاقة تهنئة
1062,30 ROSES SET,مجموعة 30 وردة,30 PINK ROSES SET NO-5002,مجموعة 30 وردة وردية رقم 5002,Elegant set of 30 pink roses.,مجموعة أنيقة من 30 وردة وردية.,340,60,Greeting Card,بطاقة تهنئة
1063,30 ROSES SET,مجموعة 30 وردة,30 PURPLE ROSES NO-5011,مجموعة 30 وردة بنفسجية رقم 5011,Luxurious set of 30 purple roses.,مجموعة فاخرة من 30 وردة بنفسجية.,340,60,Greeting Card,بطاقة تهنئة
1064,30 ROSES SET,مجموعة 30 وردة,30 RED ROSES SET NO-5004,مجموعة 30 وردة حمراء رقم 5004,Classic set of 30 red roses.,مجموعة كلاسيكية من 30 وردة حمراء.,340,60,Greeting Card,بطاقة تهنئة
1065,30 ROSES SET,مجموعة 30 وردة,30 ROSE MIX NO-5007,مجموعة 30 وردة مشكلة رقم 5007,A mixed arrangement of 30 roses.,تنسيق مختلط من 30 وردة.,340,60,Greeting Card,بطاقة تهنئة
1066,30 ROSES SET,مجموعة 30 وردة,30 WHITE ROSES BUNDLE NO-5012,باقة 30 وردة بيضاء رقم 5012,Pure bundle of 30 white roses.,باقة نقية من 30 وردة بيضاء.,340,60,Greeting Card,بطاقة تهنئة
1067,30 ROSES SET,مجموعة 30 وردة,30 YELLOW ROSES NO-5009,مجموعة 30 وردة صفراء رقم 5009,Cheerful set of 30 yellow roses.,مجموعة مبهجة من 30 وردة صفراء.,340,60,Greeting Card,بطاقة تهنئة
1068,Rose Petals,بتلات الورد,Fuchia Rose Petals No.184,بتلات الورد الفوشيا رقم 184,Vibrant fuchsia rose petals.,بتلات الورد الفوشيا النابضة بالحياة.,100,60,Greeting Card,بطاقة تهنئة
1069,Rose Petals,بتلات الورد,pink Rose Petals no.180,بتلات الورد الوردي رقم 180,Soft pink rose petals.,بتلات الورد الوردي الناعمة.,100,60,Greeting Card,بطاقة تهنئة
1070,Rose Petals,بتلات الورد,Red & White Petals No.181,بتلات حمراء وبيضاء رقم 181,A mix of red and white rose petals.,مزيج من بتلات الورد الحمراء والبيضاء.,100,60,Greeting Card,بطاقة تهنئة
1071,Rose Petals,بتلات الورد,Red Petals No.182,بتلات حمراء رقم 182,Classic deep red rose petals.,بتلات الورد الحمراء الداكنة الكلاسيكية.,100,60,Greeting Card,بطاقة تهنئة
1072,Rose Petals,بتلات الورد,white Rose Petals No.183,بتلات الورد الأبيض رقم 183,Pure white rose petals.,بتلات الورد الأبيض النقي.,100,60,Greeting Card,بطاقة تهنئة
1073,ROSE WITH CYCLE AND TOYS,ورد مع دراجة وألعاب,BABY BIKE & CHOCOLATE WITH FLOWER BOUQUET NO-251,دراجة أطفال وشوكولاتة مع باقة زهور رقم 251,Green baby bike with chocolates and a floral bouquet.,دراجة أطفال خضراء مع شوكولاتة وباقة زهور.,540,60,Greeting Card,بطاقة تهنئة
1074,ROSE WITH CYCLE AND TOYS,ورد مع دراجة وألعاب,BABY BIKE WITH FLOWER AND CHOCOLATE NO-202,دراجة أطفال مع زهور وشوكولاتة رقم 202,Yellow baby bike paired with flowers and chocolates.,دراجة أطفال صفراء مقترنة بزهور وشوكولاتة.,540,60,Greeting Card,بطاقة تهنئة
1075,ROSE WITH CYCLE AND TOYS,ورد مع دراجة وألعاب,BABY BIKE WITH FLOWER BOUQUET NO-258,دراجة أطفال مع باقة زهور رقم 258,Yellow baby bike accompanied by a flower bouquet.,دراجة أطفال صفراء مصحوبة بباقة زهور.,480,60,Greeting Card,بطاقة تهنئة
1076,ROSE WITH CYCLE AND TOYS,ورد مع دراجة وألعاب,BABY BOY CYCLE WITH FLOWER BOUQUET NO-206,دراجة أطفال أولادي مع باقة زهور رقم 206,Blue baby bike presented with a blue-themed flower bouquet.,دراجة أطفال زرقاء مقدمة مع باقة زهور بطابع أزرق.,480,60,Greeting Card,بطاقة تهنئة
1077,ROSE WITH CYCLE AND TOYS,ورد مع دراجة وألعاب,BABY CYCLE WITH FRESH FLOWER BOUQUET SWEET RIDE NO-259,دراجة أطفال مع باقة زهور طبيعية رقم 259,Green baby bike with a fresh flower bouquet.,دراجة أطفال خضراء مع باقة زهور طبيعية.,480,60,Greeting Card,بطاقة تهنئة
1078,ROSE WITH CYCLE AND TOYS,ورد مع دراجة وألعاب,Baby Girl Cycle with Chocolate & Flower Bouquet No-256,دراجة بنات مع شوكولاتة وباقة زهور - 256,Pink baby girl cycle set with chocolates and a bouquet.,دراجة بنات وردية مع شوكولاتة وباقة زهور.,540,60,Greeting Card,بطاقة تهنئة
1079,ROSE WITH CYCLE AND TOYS,ورد مع دراجة وألعاب,Cycle Boy or Girl Ride with Orange Flower Theme No-204,دراجة أطفال بنين أو بنات بطابع زهور برتقالية - 204,Unisex cycle ride featuring an orange-themed flower arrangement.,دراجة للجنسين تتميز بتنسيق زهور بطابع برتقالي.,690,60,Greeting Card,بطاقة تهنئة
1080,ROSE WITH CYCLE AND TOYS,ورد مع دراجة وألعاب,Girl Cycle with Flower Bouquet No-206,دراجة بنات مع باقة زهور - 206,Cute pink girl cycle paired with a flower bouquet.,دراجة بنات وردية لطيفة مقترنة بباقة زهور.,690,60,Greeting Card,بطاقة تهنئة
1081,ROSE WITH CYCLE AND TOYS,ورد مع دراجة وألعاب,Little Baby Cycle with Flower Bouquet and Chocolate No-258,دراجة أطفال صغيرة مع باقة زهور وشوكولاتة - 258,Little blue baby cycle with flowers and chocolate treats.,دراجة أطفال زرقاء صغيرة مع زهور وقطع شوكولاتة.,540,60,Greeting Card,بطاقة تهنئة
1082,ROSE WITH CYCLE AND TOYS,ورد مع دراجة وألعاب,Little Baby Girl Bike with Flower Bouquet No-201,دراجة بنات صغيرة مع باقة زهور - 201,Pink little baby girl bike with a floral bouquet.,دراجة بنات صغيرة وردية مع باقة زهور.,480,60,Greeting Card,بطاقة تهنئة
1083,ROSE WITH CYCLE AND TOYS,ورد مع دراجة وألعاب,Littlebaby Bike Ride with Flower Bouquet and Chocolate No-252,دراجة أطفال صغيرة مع باقة زهور وشوكولاتة - 252,Red little baby bike ride set with flowers and chocolates.,دراجة أطفال حمراء صغيرة مع زهور وشوكولاتة.,540,60,Greeting Card,بطاقة تهنئة
1084,Table Floral Centerpiece Arrangement,تنسيق زهور للطاولة,anthurium and green moss table Arrangement,تنسيق أنثوريوم مع طحلب أخضر للطاولة,Delicate pink flowers paired with fresh green moss.,زهور وردية رقيقة مقترنة بالطحالب الخضراء الطازجة.,850,60,Greeting Card,بطاقة تهنئة
1085,Table Floral Centerpiece Arrangement,تنسيق زهور للطاولة,ANTHURIUM special whitish table arrangement.,تنسيق أنثوريوم خاص مائل للبياض للطاولة,Unique white anthurium blooms in a minimalist setting.,زهور أنثوريوم بيضاء فريدة في تنسيق بسيط.,630,60,Greeting Card,بطاقة تهنئة
1086,Table Floral Centerpiece Arrangement,تنسيق زهور للطاولة,eid special white stone with flower arrangement,تنسيق زهور خاص للعيد مع حجر أبيض,Elegant white stone base with a festive floral display.,قاعدة حجرية بيضاء أنيقة مع عرض زهور احتفالي.,290,60,Greeting Card,بطاقة تهنئة
1087,Table Floral Centerpiece Arrangement,تنسيق زهور للطاولة,flower arrangement premium pink flowers,تنسيق زهور وردية فاخرة,Premium pink blossoms arranged in a classic style.,أزهار وردية فاخرة منسقة بأسلوب كلاسيكي.,320,60,Greeting Card,بطاقة تهنئة
1088,Table Floral Centerpiece Arrangement,تنسيق زهور للطاولة,gift space garden arrangement,تنسيق حديقة مع مساحة للهدايا,A garden-style arrangement with a dedicated gift space.,تنسيق على طراز الحديقة مع مساحة مخصصة للهدايا.,350,60,Greeting Card,بطاقة تهنئة
1089,Table Floral Centerpiece Arrangement,تنسيق زهور للطاولة,green ball flower table arrangement,تنسيق زهور كروية خضراء للطاولة,Artistic arrangement featuring spherical green floral elements.,تنسيق فني يضم عناصر زهرية خضراء كروية.,280,60,Greeting Card,بطاقة تهنئة
1090,Table Floral Centerpiece Arrangement,تنسيق زهور للطاولة,green garden gift space arrangement,تنسيق حديقة خضراء مع مساحة للهدايا,Lush green garden display with a built-in gift section.,عرض حديقة خضراء غنية مع قسم مدمج للهدايا.,320,60,Greeting Card,بطاقة تهنئة
1091,Table Floral Centerpiece Arrangement,تنسيق زهور للطاولة,green luxury table arrangement,تنسيق طاولة أخضر فاخر,Sophisticated luxury arrangement using premium greenery.,تنسيق فاخر ومتطور باستخدام خضرة مميزة.,370,60,Greeting Card,بطاقة تهنئة
1092,Table Floral Centerpiece Arrangement,تنسيق زهور للطاولة,greenery table arrangement,تنسيق خضرة للطاولة,"A natural, foliage-focused centerpiece for any table.",قطعة مركزية طبيعية تركز على أوراق الشجر لأي طاولة.,380,60,Greeting Card,بطاقة تهنئة
1093,Table Floral Centerpiece Arrangement,تنسيق زهور للطاولة,mix flowers table top wow arrangement,تنسيق زهور متنوعة مذهل للطاولة,"A stunning, vibrant mix of flowers for a wow effect.",مزيج مذهل ونابض بالحياة من الزهور لإبهار الضيوف.,480,60,Greeting Card,بطاقة تهنئة
1094,Table Floral Centerpiece Arrangement,تنسيق زهور للطاولة,MIXED Premium table arrangement,تنسيق طاولة فاخر متنوع,Premium selection of mixed blooms in a luxury display.,تشكيلة فاخرة من الزهور المختلطة في عرض فخم.,780,60,Greeting Card,بطاقة تهنئة
1095,Table Floral Centerpiece Arrangement,تنسيق زهور للطاولة,Mixed table arrangement,تنسيق طاولة متنوع,Versatile mixed floral centerpiece for table decor.,قطعة مركزية زهرية متنوعة ومتعددة الاستخدامات لديكور الطاولة.,780,60,Greeting Card,بطاقة تهنئة
1096,Table Floral Centerpiece Arrangement,تنسيق زهور للطاولة,only yellow arrangement NO-638,تنسيق أصفر فقط رقم 638,Bright and cheerful all-yellow floral composition.,تشكيلة زهرية صفراء زاهية ومبهجة.,280,60,Greeting Card,بطاقة تهنئة
1097,Table Floral Centerpiece Arrangement,تنسيق زهور للطاولة,PINNK AND GREN flower arrangement,تنسيق زهور وردي وأخضر,Harmonious blend of pink flowers and lush greenery.,مزيج متناغم من الزهور الوردية والخضرة الغنية.,290,60,Greeting Card,بطاقة تهنئة
1098,Table Floral Centerpiece Arrangement,تنسيق زهور للطاولة,purple table arrangement,تنسيق طاولة بنفسجي,Regal purple flowers arranged as a table centerpiece.,زهور بنفسجية ملكية منسقة كقطعة مركزية للطاولة.,220,60,Greeting Card,بطاقة تهنئة
1099,Table Floral Centerpiece Arrangement,تنسيق زهور للطاولة,SPECIAL table arrangement,تنسيق طاولة خاص,"A unique, specially curated table floral arrangement.",تنسيق زهري فريد ومختار بعناية للطاولة.,590,60,Greeting Card,بطاقة تهنئة
1100,Table Floral Centerpiece Arrangement,تنسيق زهور للطاولة,special white floral arrangement,تنسيق زهور بيضاء خاص,Clean and elegant white floral centerpiece.,قطعة مركزية زهرية بيضاء نظيفة وأنيقة.,290,60,Greeting Card,بطاقة تهنئة
1101,Table Floral Centerpiece Arrangement,تنسيق زهور للطاولة,Special white FLOWERS table arrangement,تنسيق زهور بيضاء خاص للطاولة,Premium white blooms arranged specifically for tabletops.,زهور بيضاء فاخرة منسقة خصيصاً لأسطح الطاولات.,210,60,Greeting Card,بطاقة تهنئة
1102,Table Floral Centerpiece Arrangement,تنسيق زهور للطاولة,special white gerbera arrangement,تنسيق زهور جربيرا بيضاء خاص,Elegant white gerberas arranged with greenery.,زهور جربيرا بيضاء أنيقة منسقة مع خضرة.,230,60,Greeting Card,بطاقة تهنئة
1103,Table Floral Centerpiece Arrangement,تنسيق زهور للطاولة,Special whitish FLOWERS table arrangement,تنسيق زهور مائل للبياض خاص للطاولة,"Soft, whitish floral blooms for a sophisticated look.",زهور فاتحة مائلة للبياض لإطلالة راقية.,190,60,Greeting Card,بطاقة تهنئة
1104,Table Floral Centerpiece Arrangement,تنسيق زهور للطاولة,table red anthurium arrangement,تنسيق أنثوريوم أحمر للطاولة,Bold red anthurium flowers creating a striking display.,زهور أنثوريوم حمراء جريئة لإنشاء عرض مذهل.,390,60,Greeting Card,بطاقة تهنئة
1105,Table Floral Centerpiece Arrangement,تنسيق زهور للطاولة,table anthurium arrangement,تنسيق أنثوريوم للطاولة,Simple and elegant anthurium arrangement.,تنسيق أنثوريوم بسيط وأنيق.,430,60,Greeting Card,بطاقة تهنئة
1106,Table Floral Centerpiece Arrangement,تنسيق زهور للطاولة,TABLE ARRANGEMENT garden green and special flower arrangement,تنسيق طاولة بحديقة خضراء وتنسيق زهور خاص,Garden-inspired theme with premium florals.,طابع مستوحى من الحديقة مع زهور مميزة.,640,60,Greeting Card,بطاقة تهنئة
1107,Table Floral Centerpiece Arrangement,تنسيق زهور للطاولة,TABLE ARRANGEMENT garden green and special luxury flower arrangement 008,تنسيق طاولة بحديقة خضراء وتنسيق زهور فاخر خاص 008,High-end garden theme with luxury blooms.,طابع حديقة راقي مع زهور فاخرة.,1450,60,Greeting Card,بطاقة تهنئة
1108,Table Floral Centerpiece Arrangement,تنسيق زهور للطاولة,TABLE ARRANGEMENT garden green and special luxury flower arrangement,تنسيق طاولة بحديقة خضراء وتنسيق زهور فاخر خاص,Luxurious garden-style centerpiece.,قطعة مركزية فاخرة على طراز الحديقة.,1400,60,Greeting Card,بطاقة تهنئة
1109,Table Floral Centerpiece Arrangement,تنسيق زهور للطاولة,TABLE ARRANGEMENT garden green only special flower arrangement,تنسيق طاولة بحديقة خضراء فقط وتنسيق زهور خاص,Lush greenery display for a natural garden look.,عرض خضرة كثيفة لمظهر حديقة طبيعي.,380,60,Greeting Card,بطاقة تهنئة
1110,Table Floral Centerpiece Arrangement,تنسيق زهور للطاولة,TABLE ARRANGEMENT garden greenanthurium special flower arrangement,تنسيق طاولة بحديقة خضراء وأنثوريوم وتنسيق زهور خاص,Unique mix of greenery and anthurium.,مزيج فريد من الخضرة والأنثوريوم.,630,60,Greeting Card,بطاقة تهنئة
1111,Table Floral Centerpiece Arrangement,تنسيق زهور للطاولة,TABLE ARRANGEMENT garden white theme arrangement,تنسيق طاولة بطابع حديقة بيضاء,Fresh white garden-themed centerpiece.,قطعة مركزية طازجة بطابع الحديقة البيضاء.,740,60,Greeting Card,بطاقة تهنئة
1112,Table Floral Centerpiece Arrangement,تنسيق زهور للطاولة,TABLE ARRANGEMENT gerbera arrangement,تنسيق طاولة زهور جربيرا,Colorful gerbera arrangement for table decor.,تنسيق جربيرا ملون لديكور الطاولة.,250,60,Greeting Card,بطاقة تهنئة
1113,Table Floral Centerpiece Arrangement,تنسيق زهور للطاولة,Table Arrangement green and Red Anthurium flower arrangement,تنسيق طاولة بزهور الأنثوريوم الخضراء والحمراء,Bold contrast of red and green anthuriums.,تباين جريء بين الأنثوريوم الأحمر والأخضر.,490,60,Greeting Card,بطاقة تهنئة
1114,Table Floral Centerpiece Arrangement,تنسيق زهور للطاولة,TABLE ARRANGEMENT green and red three pic arrangement,تنسيق طاولة أخضر وأحمر ثلاثي القطع,Three-piece set featuring red and green accents.,مجموعة من ثلاث قطع تتميز بلمسات حمراء وخضراء.,390,60,Greeting Card,بطاقة تهنئة
1115,Table Floral Centerpiece Arrangement,تنسيق زهور للطاولة,Table Arrangement green and white hydrangea flower arrangement,تنسيق طاولة بزهور الهيدرانجيا الخضراء والبيضاء,Soft white and green hydrangea blooms.,زهور هيدرانجيا بيضاء وخضراء ناعمة.,640,60,Greeting Card,بطاقة تهنئة
1116,Table Floral Centerpiece Arrangement,تنسيق زهور للطاولة,Table Arrangement green anthurium and special flower arrangement,تنسيق طاولة بزهور الأنثوريوم الخضراء وتنسيق زهور خاص,Sophisticated green anthurium display.,عرض أنثوريوم أخضر متطور.,680,60,Greeting Card,بطاقة تهنئة
1117,Table Floral Centerpiece Arrangement,تنسيق زهور للطاولة,Table Arrangement green hydrangea theme arrangement,تنسيق طاولة بطابع الهيدرانجيا الخضراء,Fresh green hydrangea floral theme.,طابع زهري من الهيدرانجيا الخضراء الطازجة.,780,60,Greeting Card,بطاقة تهنئة
1118,Table Floral Centerpiece Arrangement,تنسيق زهور للطاولة,TABLE ARRANGEMENT GREENERY maroon tulip and special FLOWERS,تنسيق طاولة بزهور الخضرة وتوليب عنابي وزهور خاصة,Elegant maroon tulips mixed with greenery.,توليب عنابي أنيق ممزوج بالخضرة.,580,60,Greeting Card,بطاقة تهنئة
1119,Table Floral Centerpiece Arrangement,تنسيق زهور للطاولة,TABLE ARRANGEMENT GREENERY RED FLOWERS,تنسيق طاولة بزهور الخضرة الحمراء,Classic red flowers combined with lush greenery.,زهور حمراء كلاسيكية ممزوجة بخضرة كثيفة.,290,60,Greeting Card,بطاقة تهنئة
1120,Table Floral Centerpiece Arrangement,تنسيق زهور للطاولة,TABLE ARRANGEMENT GREENERY white special FLOWERS,تنسيق طاولة من الخضرة وزهور بيضاء خاصة,Elegant white floral centerpiece with lush greenery.,قطعة مركزية زهرية بيضاء أنيقة مع خضرة كثيفة.,380,60,Greeting Card,بطاقة تهنئة
1121,Table Floral Centerpiece Arrangement,تنسيق زهور للطاولة,TABLE ARRANGEMENT maroon and white theme arrangement,تنسيق طاولة بطابع عنابي وأبيض,A sophisticated maroon and white themed arrangement.,تنسيق راقٍ بطابع اللونين العنابي والأبيض.,420,60,Greeting Card,بطاقة تهنئة
1122,Table Floral Centerpiece Arrangement,تنسيق زهور للطاولة,Table Arrangement pink anthurium and special flower arrangement,تنسيق طاولة أنثوريوم وردي وزهور خاصة,Vibrant pink anthurium blooms.,زهور أنثوريوم وردية نابضة بالحياة.,350,60,Greeting Card,بطاقة تهنئة
1123,Table Floral Centerpiece Arrangement,تنسيق زهور للطاولة,TABLE ARRANGEMENT Special veriety moss arrangement,تنسيق طاولة خاص منوع بالطحالب,A unique variety of floral arrangements with moss.,تنوع فريد من تنسيقات الزهور مع الطحالب.,480,60,Greeting Card,بطاقة تهنئة
1124,Table Floral Centerpiece Arrangement,تنسيق زهور للطاولة,TABLE ARRANGEMENT THE FLORAL POEM NO-642,تنسيق طاولة قصيدة الزهور رقم 642,"A tall, poetic floral display.",عرض زهري طويل وشاعري.,470,60,Greeting Card,بطاقة تهنئة
1125,Table Floral Centerpiece Arrangement,تنسيق زهور للطاولة,TABLE ARRANGEMENT white and pinkish arrangement,تنسيق طاولة أبيض ووردي,Soft white and pinkish floral centerpiece.,قطعة مركزية زهرية ناعمة باللونين الأبيض والوردي.,860,60,Greeting Card,بطاقة تهنئة
1126,Table Floral Centerpiece Arrangement,تنسيق زهور للطاولة,TABLE ARRANGEMENT white flowers arrangement 039,تنسيق طاولة زهور بيضاء رقم 039,Classic bouquet of white flowers.,باقة كلاسيكية من الزهور البيضاء.,350,60,Greeting Card,بطاقة تهنئة
1127,Table Floral Centerpiece Arrangement,تنسيق زهور للطاولة,TABLE ARRANGEMENT 20 WHITE ROSES NO-5000,تنسيق طاولة 20 وردة بيضاء رقم 5000,A set of 20 elegant white roses.,مجموعة من 20 وردة بيضاء أنيقة.,170,60,Greeting Card,بطاقة تهنئة
1128,Table Floral Centerpiece Arrangement,تنسيق زهور للطاولة,Table Arrangement anthurium and special flower arrangement,تنسيق طاولة أنثوريوم وزهور خاصة,An arrangement featuring anthurium.,تنسيق يضم زهور الأنثوريوم.,250,60,Greeting Card,بطاقة تهنئة
1129,Table Floral Centerpiece Arrangement,تنسيق زهور للطاولة,TABLE ARRANGEMENT DECO SPECIAL 3SIZE ARRANGEMENT No.210,تنسيق طاولة ديكور خاص 3 أحجام رقم 210,A decorative set available in three sizes.,مجموعة ديكورية متوفرة بثلاثة أحجام.,1780,60,Greeting Card,بطاقة تهنئة
1130,Table Floral Centerpiece Arrangement,تنسيق زهور للطاولة,table arrangement gerbera and deco special arrangement,تنسيق طاولة جربيرا وديكور خاص,A vibrant gerbera floral centerpiece.,قطعة مركزية زهرية من الجربيرا النابضة بالحياة.,370,60,Greeting Card,بطاقة تهنئة
1131,Table Floral Centerpiece Arrangement,تنسيق زهور للطاولة,Table Arrangement gerbera mix and special flower arrangement,تنسيق طاولة جربيرا مختلط وزهور خاصة,A mix of gerberas and special flowers.,مزيج من زهور الجربيرا والزهور الخاصة.,280,60,Greeting Card,بطاقة تهنئة
1132,Table Floral Centerpiece Arrangement,تنسيق زهور للطاولة,table arrangement grass with flower,تنسيق طاولة عشب مع زهور,Natural grass mixed with flowers.,عشب طبيعي ممزوج بالزهور.,320,60,Greeting Card,بطاقة تهنئة
1133,Table Floral Centerpiece Arrangement,تنسيق زهور للطاولة,Table arrangement grass with white deco,تنسيق طاولة عشب مع ديكور أبيض,Greenery combined with white decorative elements.,خضرة ممزوجة بعناصر ديكورية بيضاء.,280,60,Greeting Card,بطاقة تهنئة
1134,Table Floral Centerpiece Arrangement,تنسيق زهور للطاولة,table arrangement grasswith girabera,تنسيق طاولة عشب مع جربيرا,Grass paired with gerbera flowers.,عشب مقترن بزهور الجربيرا.,350,60,Greeting Card,بطاقة تهنئة
1135,Table Floral Centerpiece Arrangement,تنسيق زهور للطاولة,TABLE ARRANGEMENT green and white,تنسيق طاولة أخضر وأبيض,A fresh green and white arrangement.,تنسيق أخضر وأبيض منعش.,720,60,Greeting Card,بطاقة تهنئة
1136,Table Floral Centerpiece Arrangement,تنسيق زهور للطاولة,Table Arrangement hydrangea and special,تنسيق طاولة هيدرانجيا وزهور خاصة,A hydrangea-focused floral centerpiece.,قطعة مركزية زهرية تركز على الهيدرانجيا.,280,60,Greeting Card,بطاقة تهنئة
1137,Table Floral Centerpiece Arrangement,تنسيق زهور للطاولة,TABLE ARRANGEMENT I rose garden,تنسيق طاولة حديقة الورود,A beautiful rose garden themed centerpiece.,قطعة مركزية جميلة بطابع حديقة الورود.,330,60,Greeting Card,بطاقة تهنئة
1138,Table Floral Centerpiece Arrangement,تنسيق زهور للطاولة,TABLE ARRANGEMENT premium white special flower arrangement,تنسيق طاولة زهور بيضاء خاصة فاخرة,Premium white floral set for elegant tabletops.,مجموعة زهور بيضاء فاخرة لأسطح الطاولات الأنيقة.,750,60,Greeting Card,بطاقة تهنئة
1139,Table Floral Centerpiece Arrangement,تنسيق زهور للطاولة,TABLE ARRANGEMENT rainbow special flower arrangement,تنسيق طاولة زهور خاصة بألوان قوس قزح,Vibrant rainbow-colored floral display.,عرض زهري نابض بالحياة بألوان قوس قزح.,850,60,Greeting Card,بطاقة تهنئة
1140,Table Floral Centerpiece Arrangement,تنسيق زهور للطاولة,TABLE ARRANGEMENT special garden white theme arrangement,تنسيق طاولة بطابع حديقة بيضاء خاص,Fresh white blossoms in a garden-themed setting.,أزهار بيضاء طازجة في تنسيق بطابع الحديقة.,800,60,Greeting Card,بطاقة تهنئة
1141,Table Floral Centerpiece Arrangement,تنسيق زهور للطاولة,table arrangement three piece modern special arrangement,تنسيق طاولة حديث خاص من ثلاث قطع,Modern three-piece set for contemporary decor.,مجموعة حديثة من ثلاث قطع للديكور المعاصر.,650,60,Greeting Card,بطاقة تهنئة
1142,Table Floral Centerpiece Arrangement,تنسيق زهور للطاولة,Table Arrangement very special flower arrangement,تنسيق طاولة زهور خاص جداً,A highly curated and special floral centerpiece.,قطعة مركزية زهرية مختارة بعناية فائقة.,380,60,Greeting Card,بطاقة تهنئة
1143,Table Floral Centerpiece Arrangement,تنسيق زهور للطاولة,table arrangement white deco and blue mixed arrangement,تنسيق طاولة ديكور أبيض مع مزيج أزرق,Elegant mix of white decor with blue flowers.,مزيج أنيق من الديكور الأبيض مع الزهور الزرقاء.,780,60,Greeting Card,بطاقة تهنئة
1144,Table Floral Centerpiece Arrangement,تنسيق زهور للطاولة,TABLE ARRANGEMENT WHITE MIX FLOWER 01,تنسيق طاولة زهور بيضاء متنوعة 01,A classic blend of assorted white flowers.,مزيج كلاسيكي من الزهور البيضاء المتنوعة.,220,60,Greeting Card,بطاقة تهنئة
1145,Table Floral Centerpiece Arrangement,تنسيق زهور للطاولة,TABLE ARRANGEMENT WHITE MIX FLOWER 02,تنسيق طاولة زهور بيضاء متنوعة 02,A lush arrangement of fresh white mixed flowers.,تنسيق غني من الزهور البيضاء الطازجة المتنوعة.,250,60,Greeting Card,بطاقة تهنئة
1146,Table Floral Centerpiece Arrangement,تنسيق زهور للطاولة,TABLE ARRANGEMENT WHITE MIX FLOWER 03,تنسيق طاولة زهور بيضاء متنوعة 03,"A beautiful, full white floral centerpiece.",قطعة مركزية زهرية بيضاء جميلة وكثيفة.,370,60,Greeting Card,بطاقة تهنئة
1147,Table Floral Centerpiece Arrangement,تنسيق زهور للطاولة,TABLE ARRANGEMENT WHITE MIX FLOWER 04,تنسيق طاولة زهور بيضاء متنوعة 04,Tall and elegant arrangement of white blooms.,تنسيق طويل وأنيق من الأزهار البيضاء.,630,60,Greeting Card,بطاقة تهنئة
1148,Table Floral Centerpiece Arrangement,تنسيق زهور للطاولة,TABLE ARRANGEMENT WHITE MIX FLOWER 05,تنسيق طاولة زهور بيضاء متنوعة 05,A perfectly balanced white floral arrangement.,تنسيق زهري أبيض متوازن بشكل مثالي.,240,60,Greeting Card,بطاقة تهنئة
1149,Table Floral Centerpiece Arrangement,تنسيق زهور للطاولة,TABLE ARRANGEMENT WHITE MIX FLOWER 06,تنسيق طاولة زهور بيضاء متنوعة 06,A soft and graceful white mixed floral display.,عرض زهري أبيض متنوع ناعم ورشيق.,750,60,Greeting Card,بطاقة تهنئة
1150,Table Floral Centerpiece Arrangement,تنسيق زهور للطاولة,TABLE ARRANGEMENT WHITE MIX FLOWER 08,تنسيق طاولة زهور بيضاء متنوعة 08,An intricate display of assorted white flowers.,عرض دقيق لمجموعة متنوعة من الزهور البيضاء.,450,60,Greeting Card,بطاقة تهنئة
1151,Table Floral Centerpiece Arrangement,تنسيق زهور للطاولة,TABLE ARRANGEMENT white mix fresh flowers arrangement,تنسيق طاولة زهور بيضاء متنوعة طازجة,"Fresh, hand-picked white floral centerpiece.",قطعة مركزية زهرية بيضاء طازجة ومختارة يدوياً.,350,60,Greeting Card,بطاقة تهنئة
1152,Table Floral Centerpiece Arrangement,تنسيق زهور للطاولة,TABLE ARRANGEMENT white yellow and blue themed arrangement,تنسيق طاولة بطابع أبيض وأصفر وأزرق,"A colorful arrangement with white, yellow, and blue.",تنسيق ملون يجمع بين الأبيض والأصفر والأزرق.,450,60,Greeting Card,بطاقة تهنئة
1153,Table Floral Centerpiece Arrangement,تنسيق زهور للطاولة,table arrangemnet green themed garden arrangement,تنسيق طاولة بطابع حديقة خضراء,Foliage-focused centerpiece for a natural feel.,قطعة مركزية تركز على أوراق الشجر لإحساس طبيعي.,650,60,Greeting Card,بطاقة تهنئة
1154,Table Floral Centerpiece Arrangement,تنسيق زهور للطاولة,tulip table arrangement.,تنسيق طاولة توليب,Delicate and seasonal tulip centerpiece.,قطعة مركزية زهرية رقيقة وموسمية من التوليب.,370,60,Greeting Card,بطاقة تهنئة
1155,Table Floral Centerpiece Arrangement,تنسيق زهور للطاولة,white table arrangement premium,تنسيق طاولة أبيض فاخر,High-quality white premium floral arrangement.,تنسيق زهري أبيض فاخر وعالي الجودة.,530,60,Greeting Card,بطاقة تهنئة
1156,TEACHERS DAY SPECIAL,هدية خاصة ليوم المعلم,carnation single bouquet,باقة قرنفل مفردة,"A delicate, single-stem carnation bouquet.",باقة قرنفل بساق واحدة رقيقة.,40,60,Greeting Card,بطاقة تهنئة
1157,TEACHERS DAY SPECIAL,هدية خاصة ليوم المعلم,double red roses teachers ady special,وردتان حمراوان خاص ليوم المعلم,Two beautiful red roses tailored for teachers.,وردتان حمراوان جميلتان مخصصتان للمعلمين.,40,60,Greeting Card,بطاقة تهنئة
1158,TEACHERS DAY SPECIAL,هدية خاصة ليوم المعلم,gerbera bouquet teachers day special,باقة جربيرا خاصة ليوم المعلم,A vibrant gerbera bouquet.,باقة جربيرا نابضة بالحياة.,80,60,Greeting Card,بطاقة تهنئة
1159,TEACHERS DAY SPECIAL,هدية خاصة ليوم المعلم,multi color wrapping teachers day special,تغليف متعدد الألوان خاص ليوم المعلم,Festive bouquet with colorful wrapping.,باقة احتفالية بتغليف ملون.,120,60,Greeting Card,بطاقة تهنئة
1160,TEACHERS DAY SPECIAL,هدية خاصة ليوم المعلم,pink gerbera teachers day special,جربيرا وردية خاصة ليوم المعلم,A single pink gerbera presented elegantly.,زهرة جربيرا وردية واحدة مقدمة بأناقة.,40,60,Greeting Card,بطاقة تهنئة
1161,TEACHERS DAY SPECIAL,هدية خاصة ليوم المعلم,red and pink teachers day special,ورود حمراء ووردية خاصة ليوم المعلم,A lovely mix of red and pink roses.,مزيج جميل من الورود الحمراء والوردية.,190,60,Greeting Card,بطاقة تهنئة
1162,TEACHERS DAY SPECIAL,هدية خاصة ليوم المعلم,red rose bouquet teachers day special,باقة ورد أحمر خاصة ليوم المعلم,A classic red rose bouquet.,باقة ورد أحمر كلاسيكية.,140,60,Greeting Card,بطاقة تهنئة
1163,TEACHERS DAY SPECIAL,هدية خاصة ليوم المعلم,simple beige bouquet teachers day special,باقة بيج بسيطة خاصة ليوم المعلم,Minimalist beige-themed bouquet.,باقة بسيطة بطابع بيج.,40,60,Greeting Card,بطاقة تهنئة
1164,TEACHERS DAY SPECIAL,هدية خاصة ليوم المعلم,sweet rose bouquet teachers day special,باقة ورد حلوة خاصة ليوم المعلم,An adorable bouquet of sweet roses.,باقة رائعة من الورود الجميلة.,190,60,Greeting Card,بطاقة تهنئة
1165,TEACHERS DAY SPECIAL,هدية خاصة ليوم المعلم,teachers day 10 special single bouquets,10 باقات مفردة خاصة ليوم المعلم,A collection of 10 individual floral bouquets.,مجموعة من 10 باقات زهور فردية.,160,60,Greeting Card,بطاقة تهنئة
1166,TEACHERS DAY SPECIAL,هدية خاصة ليوم المعلم,teachers day single roses,ورود مفردة ليوم المعلم,Individual roses prepared for gifts.,ورود مفردة مجهزة كهدايا.,140,60,Greeting Card,بطاقة تهنئة
1167,TEACHERS DAY SPECIAL,هدية خاصة ليوم المعلم,teachers day special gerbera,جربيرا خاصة ليوم المعلم,A single gerbera flower for appreciation.,زهرة جربيرا واحدة للتقدير.,40,60,Greeting Card,بطاقة تهنئة
1168,TEACHERS DAY SPECIAL,هدية خاصة ليوم المعلم,teachers day special tulip single bouquets,باقات توليب مفردة خاصة ليوم المعلم,Elegant single tulip bouquets.,باقات توليب مفردة أنيقة.,180,60,Greeting Card,بطاقة تهنئة
1169,TEACHERS DAY SPECIAL,هدية خاصة ليوم المعلم,teachers day special tulip,توليب خاص ليوم المعلم,"A single, graceful tulip.",زهرة توليب واحدة رشيقة.,40,60,Greeting Card,بطاقة تهنئة
1170,VALENTINES DAY SPECIAL,هدية عيد الحب المميزة,5 LILY WITH ROSE MIX NO-1036,5 زنبق مع مكس ورد رقم 1036,A mix of 5 lilies and assorted roses.,مزيج من 5 زهور زنبق مع ورد متنوع.,190,60,Greeting Card,بطاقة تهنئة
1171,VALENTINES DAY SPECIAL,هدية عيد الحب المميزة,20 ROSES WITH GYPSO NO-1006,20 وردة مع جيبسوفيليا رقم 1006,20 roses accented with baby's breath.,20 وردة مزينة بالجيبسوفيليا (نفس الطفل).,280,60,Greeting Card,بطاقة تهنئة
1172,VALENTINES DAY SPECIAL,هدية عيد الحب المميزة,arrangement red rose with black box premium love arrangement,تنسيق ورد أحمر في صندوق أسود فاخر,Premium red roses in a luxury black box.,ورود حمراء فاخرة في صندوق أسود فاخر.,1400,60,Greeting Card,بطاقة تهنئة
1173,VALENTINES DAY SPECIAL,هدية عيد الحب المميزة,BABY ROSE MIX-54,مكس بيبي روز-54,Bouquet of mixed baby roses.,باقة من زهور بيبي روز متنوعة.,220,60,Greeting Card,بطاقة تهنئة
1174,VALENTINES DAY SPECIAL,هدية عيد الحب المميزة,bouquet with lilly mix arrangment-16,باقة ترتيب مكس زنبق-16,A mixed floral arrangement featuring lilies.,تنسيق زهور متنوع يضم زهور الزنبق.,170,60,Greeting Card,بطاقة تهنئة
1175,VALENTINES DAY SPECIAL,هدية عيد الحب المميزة,bouquet with red rose mix-9,باقة مكس ورد أحمر-9,A bouquet of mixed red roses.,باقة من الورود الحمراء المتنوعة.,1100,60,Greeting Card,بطاقة تهنئة
1176,VALENTINES DAY SPECIAL,هدية عيد الحب المميزة,bouquet with red and white rose-75,باقة ورد أحمر وأبيض-75,A mix of red and white roses.,مزيج من الورود الحمراء والبيضاء.,320,60,Greeting Card,بطاقة تهنئة
1177,VALENTINES DAY SPECIAL,هدية عيد الحب المميزة,bouqut with red rose silver rose-85,باقة ورد أحمر وفضي-85,A bouquet of red and silver roses.,باقة من الورود الحمراء والفضية.,140,60,Greeting Card,بطاقة تهنئة
1178,VALENTINES DAY SPECIAL,هدية عيد الحب المميزة,bouqut with rose black wrapp-73,باقة ورد بتغليف أسود-73,Roses presented in black wrapping.,ورود مقدمة بتغليف أسود.,280,60,Greeting Card,بطاقة تهنئة
1179,VALENTINES DAY SPECIAL,هدية عيد الحب المميزة,FLOWER BOUQUET -51,باقة زهور-51,An assorted bouquet of flowers.,باقة متنوعة من الزهور.,440,60,Greeting Card,بطاقة تهنئة
1180,VALENTINES DAY SPECIAL,هدية عيد الحب المميزة,flower bouquet fuchia themed -41,باقة زهور بطابع فوشيا-41,A floral bouquet with fuchsia tones.,باقة زهور بتدرجات اللون الفوشيا.,170,60,Greeting Card,بطاقة تهنئة
1181,VALENTINES DAY SPECIAL,هدية عيد الحب المميزة,FLOWER HAND BOUQUET -58,باقة زهور يدوية-58,A classic hand-tied bouquet.,باقة كلاسيكية مربوطة يدوياً.,370,60,Greeting Card,بطاقة تهنئة
1182,VALENTINES DAY SPECIAL,هدية عيد الحب المميزة,FLOWER LILLY MIX-56,مكس زنبق-56,A mixed bouquet featuring lilies.,باقة متنوعة تضم زهور الزنبق.,210,60,Greeting Card,بطاقة تهنئة
1183,VALENTINES DAY SPECIAL,هدية عيد الحب المميزة,FLOWER MIX HAND BOUQUET-61,باقة يد مكس زهور-61,A mixed hand-tied flower bouquet.,باقة يد متنوعة من الزهور.,180,60,Greeting Card,بطاقة تهنئة
1184,VALENTINES DAY SPECIAL,هدية عيد الحب المميزة,happy anniversary red wow flower bouquet,باقة زهور ذكرى سنوية حمراء مميزة,A celebratory red rose bouquet.,باقة ورود حمراء احتفالية.,370,60,Greeting Card,بطاقة تهنئة
1185,VALENTINES DAY SPECIAL,هدية عيد الحب المميزة,happy anniversary special flower arrangement,تنسيق زهور ذكرى سنوية خاص,A special floral arrangement for anniversaries.,تنسيق زهري خاص للمناسبات السنوية.,490,60,Greeting Card,بطاقة تهنئة
1186,VALENTINES DAY SPECIAL,هدية عيد الحب المميزة,happy anniversary special fuchia and pink bouquet,باقة ذكرى سنوية فوشيا ووردي خاصة,A fuchsia and pink anniversary bouquet.,باقة للمناسبات السنوية بألوان الفوشيا والوردي.,190,60,Greeting Card,بطاقة تهنئة
1187,VALENTINES DAY SPECIAL,هدية عيد الحب المميزة,happy anniversary special mixed pink and golden bouquet,باقة ذكرى سنوية مكس وردي وذهبي خاصة,A pink and golden anniversary bouquet.,باقة للمناسبات السنوية بألوان الوردي والذهبي.,340,60,Greeting Card,بطاقة تهنئة
1188,VALENTINES DAY SPECIAL,هدية عيد الحب المميزة,happy anniversary special red rose bouquet,باقة ورد أحمر خاصة للذكرى السنوية,A beautiful bouquet of red roses for anniversaries.,باقة جميلة من الورود الحمراء للذكرى السنوية.,190,60,Greeting Card,بطاقة تهنئة
1189,VALENTINES DAY SPECIAL,هدية عيد الحب المميزة,MIX FLOWERS NO-1005,باقة زهور مشكلة رقم 1005,A vibrant mix of different flowers.,مزيج نابض بالحياة من الزهور المختلفة.,390,60,Greeting Card,بطاقة تهنئة
1190,VALENTINES DAY SPECIAL,هدية عيد الحب المميزة,MIX FLOWERS-50,باقة زهور مشكلة-50,A lovely mixed floral arrangement.,تنسيق زهري متنوع وجميل.,470,60,Greeting Card,بطاقة تهنئة
1191,VALENTINES DAY SPECIAL,هدية عيد الحب المميزة,Red and white rose standing bouquet 091,باقة ورد أحمر وأبيض قائمة رقم 091,Standing bouquet featuring red and white roses.,باقة قائمة تتميز بورود حمراء وبيضاء.,370,60,Greeting Card,بطاقة تهنئة
1192,VALENTINES DAY SPECIAL,هدية عيد الحب المميزة,RED FLOWER BOUQUAET-57,باقة زهور حمراء-57,Elegant bouquet of deep red flowers.,باقة أنيقة من الزهور الحمراء الداكنة.,430,60,Greeting Card,بطاقة تهنئة
1193,VALENTINES DAY SPECIAL,هدية عيد الحب المميزة,red premium valentines day gift teddy fresh flower arrangement,تنسيق زهور طبيعية مع دمية دب كهدية عيد حب مميزة,Premium teddy bear flower gift arrangement.,تنسيق هدايا زهور فاخر على شكل دمية دب.,1800,60,Greeting Card,بطاقة تهنئة
1194,VALENTINES DAY SPECIAL,هدية عيد الحب المميزة,RED ROSE WITH WHITE WRAPPER-54,ورد أحمر بتغليف أبيض-54,Red roses wrapped in elegant white paper.,ورود حمراء مغلفة بورق أبيض أنيق.,320,60,Greeting Card,بطاقة تهنئة
1195,VALENTINES DAY SPECIAL,هدية عيد الحب المميزة,red rose arrangement premium table top arrangement,تنسيق ورد أحمر فاخر للطاولة,Premium table arrangement of red roses.,تنسيق فاخر للطاولة من الورود الحمراء.,260,60,Greeting Card,بطاقة تهنئة
1196,VALENTINES DAY SPECIAL,هدية عيد الحب المميزة,RED ROSE CLASS MIX-53,ورد أحمر كلاسيك مشكل-53,A classic mixed arrangement of red roses.,تنسيق كلاسيكي متنوع من الورود الحمراء.,240,60,Greeting Card,بطاقة تهنئة
1197,VALENTINES DAY SPECIAL,هدية عيد الحب المميزة,RED ROSE CUTE HAND BOUQUET,باقة يد ورد أحمر لطيفة,A cute hand bouquet of red roses.,باقة يد لطيفة من الورود الحمراء.,370,60,Greeting Card,بطاقة تهنئة
1198,VALENTINES DAY SPECIAL,هدية عيد الحب المميزة,RED ROSE WITH SMALL FLOWERS-59,ورد أحمر مع زهور صغيرة-59,Red roses accented with delicate small flowers.,ورود حمراء مزينة بزهور صغيرة رقيقة.,220,60,Greeting Card,بطاقة تهنئة
1199,VALENTINES DAY SPECIAL,هدية عيد الحب المميزة,RED ROSE WITH WHITE WRAPPER-55,ورد أحمر بتغليف أبيض-55,Red roses with white decorative wrapper.,ورود حمراء مع تغليف ديكوري أبيض.,140,60,Greeting Card,بطاقة تهنئة
1200,VALENTINES DAY SPECIAL,هدية عيد الحب المميزة,RED SMALL HAND BOUQUET-63,باقة يد حمراء صغيرة-63,A compact hand bouquet of red flowers.,باقة يد مدمجة من الزهور الحمراء.,140,60,Greeting Card,بطاقة تهنئة
1201,VALENTINES DAY SPECIAL,هدية عيد الحب المميزة,Rose premium heavy standing bouquet,باقة ورد فاخرة قائمة كبيرة,"A large, premium standing bouquet.",باقة قائمة فاخرة وكبيرة الحجم.,4400,60,Greeting Card,بطاقة تهنئة
1202,VALENTINES DAY SPECIAL,هدية عيد الحب المميزة,ROSE RED WITH WHITE WRAPPER,ورد أحمر بتغليف أبيض,Classic red roses in white wrapping.,ورود حمراء كلاسيكية بتغليف أبيض.,220,60,Greeting Card,بطاقة تهنئة
1203,VALENTINES DAY SPECIAL,هدية عيد الحب المميزة,SPECIAL VALENTINES DAY FLOWER WITH TEDDY AND BALOON ARRANGEMENT,تنسيق زهور يوم الحب الخاص مع دب وبالون,"A special Valentine's Day arrangement including a teddy bear, flowers, and balloons.",تنسيق خاص ليوم الحب يضم دباً، زهوراً، وبالونات.,280,60,Greeting Card,بطاقة تهنئة
1204,VALENTINES DAY SPECIAL,هدية عيد الحب المميزة,standing bouquet red and black themed bouquet,باقة قائمة بطابع أحمر وأسود,Standing bouquet with red and black theme.,باقة قائمة بطابع الألوان الأحمر والأسود.,370,60,Greeting Card,بطاقة تهنئة
1205,VALENTINES DAY SPECIAL,هدية عيد الحب المميزة,standing bouquet red rose with white strappin special bouquet,باقة قائمة ورد أحمر مع تغليف أبيض خاص,Red rose standing bouquet with special wrapping.,باقة قائمة من الورود الحمراء مع تغليف خاص.,320,60,Greeting Card,بطاقة تهنئة
1206,VALENTINES DAY SPECIAL,هدية عيد الحب المميزة,standing bouquet white and red flower bouquet,باقة قائمة زهور بيضاء وحمراء,Standing bouquet featuring white and red flowers.,باقة قائمة تتميز بزهور بيضاء وحمراء.,290,60,Greeting Card,بطاقة تهنئة
1207,VALENTINES DAY SPECIAL,هدية عيد الحب المميزة,STANDING BOUQUET WITH CUTE RED ROSES NO-1034,باقة قائمة بورد أحمر لطيف رقم 1034,A beautiful standing bouquet of red roses.,باقة قائمة جميلة من الورود الحمراء.,160,60,Greeting Card,بطاقة تهنئة
1208,VALENTINES DAY SPECIAL,هدية عيد الحب المميزة,THE FESTIVE FLORIST NO-2006,منسق الزهور الاحتفالي رقم 2006,A festive floral arrangement with red roses.,تنسيق زهري احتفالي مع ورود حمراء.,140,60,Greeting Card,بطاقة تهنئة
1209,VALENTINES DAY SPECIAL,هدية عيد الحب المميزة,VALENTINES DAY SPECIAL BALOON WITH FLOWER AND CHOCOLATE ARRANGEMENT,تنسيق بالون يوم الحب الخاص مع زهور وشوكولاتة,"A special Valentine's Day arrangement featuring a balloon, flowers, and chocolates.",تنسيق خاص ليوم الحب يضم بالوناً، زهوراً، وشوكولاتة.,290,60,Greeting Card,بطاقة تهنئة
1210,VALENTINES DAY SPECIAL,هدية عيد الحب المميزة,VALENTINES DAY SPECIAL BALOON WITH FLOWER WOW ARRANGEMENT,تنسيق زهور يوم الحب الخاص مع بالون مذهل,A 'wow' Valentine's Day arrangement with a balloon and beautiful flowers.,تنسيق 'مذهل' ليوم الحب مع بالون وزهور جميلة.,390,60,Greeting Card,بطاقة تهنئة
1211,VALENTINES DAY SPECIAL,هدية عيد الحب المميزة,VALENTINES DAY SPECIAL LOVE BALOON WITH FLOWER ARRANGEMENT,تنسيق زهور يوم الحب الخاص مع بالون حب,VALENTINES DAY SPECIAL BALOON WITH FLOWER WOW ARRANGEMENT,تنسيق زهور يوم الحب الخاص مع بالون مذهل,390,60,Greeting Card,بطاقة تهنئة
1212,VALENTINES DAY SPECIAL,هدية عيد الحب المميزة,WHITE ROSE HAND BOUQUET-60,باقة يد ورد أبيض-60,A mixed hand bouquet featuring white roses.,باقة يد متنوعة تتميز بالورود البيضاء.,240,60,Greeting Card,بطاقة تهنئة